YWRhZGFzZGFzZA==,0.5793043673122192,abc def
YWRhZGFzZGFzZA==,0.6244194043193292,abc def
YWRhZGFzZGFzZA==,0.2467069605832517,abc def low_prod
YWRhZGFzZGFzZA==,0.631442035410313,abc def
YWRhZGFzZGFzZA==,0.04718384218244298,abc def low_prod
YWRhZGFzZGFzZA==,0.9846246623127136,abc def
YWRhZGFzZGFzZA==,0.03784627497029969,abc def low_prod
YWRhZGFzZGFzZA==,0.10759725772925532,abc def low_prod
YWRhZGFzZGFzZA==,0.823040337277185,abc def
YWRhZGFzZGFzZA==,0.10181675331336082,abc def low_prod
YWRhZGFzZGFzZA==,0.748667817243213,abc def
YWRhZGFzZGFzZA==,0.9736224689834989,abc def
YWRhZGFzZGFzZA==,0.2480100099807253,abc def low_prod
YWRhZGFzZGFzZA==,0.12292815560500447,abc def low_prod
YWRhZGFzZGFzZA==,0.6650766859145765,abc def
YWRhZGFzZGFzZA==,0.7070584700050042,abc def
YWRhZGFzZGFzZA==,0.4741765846263768,abc def
YWRhZGFzZGFzZA==,0.48070384102323194,abc def
YWRhZGFzZGFzZA==,0.5278218624625453,abc def
YWRhZGFzZGFzZA==,0.6360044040420992,abc def
YWRhZGFzZGFzZA==,0.5841668820400515,abc def
YWRhZGFzZGFzZA==,0.3202751178226829,abc def
YWRhZGFzZGFzZA==,0.7486543601828093,abc def
YWRhZGFzZGFzZA==,0.9460589634199575,abc def
YWRhZGFzZGFzZA==,0.3545858230936796,abc def
YWRhZGFzZGFzZA==,0.6118463848514157,abc def
YWRhZGFzZGFzZA==,0.8965919255892537,abc def
YWRhZGFzZGFzZA==,0.10426824129814205,abc def low_prod
YWRhZGFzZGFzZA==,0.6252260886898157,abc def
YWRhZGFzZGFzZA==,0.9905585554517246,abc def
YWRhZGFzZGFzZA==,0.31159517690685523,abc def
YWRhZGFzZGFzZA==,0.6287731556806281,abc def
YWRhZGFzZGFzZA==,0.526553780881144,abc def
YWRhZGFzZGFzZA==,0.805165122260909,abc def
YWRhZGFzZGFzZA==,0.0707274396899491,abc def low_prod
YWRhZGFzZGFzZA==,0.3790324313257035,abc def
YWRhZGFzZGFzZA==,0.8061158605963261,abc def
YWRhZGFzZGFzZA==,0.31071392433474176,abc def
YWRhZGFzZGFzZA==,0.6899835190977275,abc def
YWRhZGFzZGFzZA==,0.8447413655427608,abc def
YWRhZGFzZGFzZA==,0.737479594316496,abc def
YWRhZGFzZGFzZA==,0.20355005746223276,abc def low_prod
YWRhZGFzZGFzZA==,0.28885723776411953,abc def
YWRhZGFzZGFzZA==,0.6029146729171491,abc def
YWRhZGFzZGFzZA==,0.06112929209170248,abc def low_prod
YWRhZGFzZGFzZA==,0.28143652276563924,abc def
YWRhZGFzZGFzZA==,0.7213046656427791,abc def
YWRhZGFzZGFzZA==,0.445247833279631,abc def
YWRhZGFzZGFzZA==,0.2509933420578703,abc def
YWRhZGFzZGFzZA==,0.7167856824996279,abc def
YWRhZGFzZGFzZA==,0.7642686194437706,abc def
YWRhZGFzZGFzZA==,0.3935026084042438,abc def
YWRhZGFzZGFzZA==,0.8023640109013461,abc def
YWRhZGFzZGFzZA==,0.5959891783623912,abc def
YWRhZGFzZGFzZA==,0.5513355940881146,abc def
YWRhZGFzZGFzZA==,0.21266271936173498,abc def low_prod
YWRhZGFzZGFzZA==,0.8117609442722074,abc def
YWRhZGFzZGFzZA==,0.23617285981473957,abc def low_prod
YWRhZGFzZGFzZA==,0.8973309635059912,abc def
YWRhZGFzZGFzZA==,0.30213300212739547,abc def
YWRhZGFzZGFzZA==,0.025556048040233037,abc def low_prod
YWRhZGFzZGFzZA==,0.7430415800097099,abc def
YWRhZGFzZGFzZA==,0.872225188380149,abc def
YWRhZGFzZGFzZA==,0.7409539085055603,abc def
YWRhZGFzZGFzZA==,0.8805224545660751,abc def
YWRhZGFzZGFzZA==,0.13403212537976472,abc def low_prod
YWRhZGFzZGFzZA==,0.29319163445865193,abc def
YWRhZGFzZGFzZA==,0.8179938001943564,abc def
YWRhZGFzZGFzZA==,0.30974129710036036,abc def
YWRhZGFzZGFzZA==,0.4437539075568925,abc def
YWRhZGFzZGFzZA==,0.2897345988312333,abc def
YWRhZGFzZGFzZA==,0.03551840126400818,abc def low_prod
YWRhZGFzZGFzZA==,0.22029921827091437,abc def low_prod
YWRhZGFzZGFzZA==,0.6039912327117413,abc def
YWRhZGFzZGFzZA==,0.020692709650877217,abc def low_prod
YWRhZGFzZGFzZA==,0.39443594185167086,abc def
YWRhZGFzZGFzZA==,0.7172630117663285,abc def
YWRhZGFzZGFzZA==,0.12584704047781115,abc def low_prod
YWRhZGFzZGFzZA==,0.4621106692254022,abc def
YWRhZGFzZGFzZA==,0.6187845236764301,abc def
YWRhZGFzZGFzZA==,0.646529846753962,abc def
YWRhZGFzZGFzZA==,0.28354840953827865,abc def
YWRhZGFzZGFzZA==,0.4348310498338229,abc def
YWRhZGFzZGFzZA==,0.729960463991022,abc def
YWRhZGFzZGFzZA==,0.8640684323590176,abc def
YWRhZGFzZGFzZA==,0.5241870654598438,abc def
YWRhZGFzZGFzZA==,0.24928840963317922,abc def low_prod
YWRhZGFzZGFzZA==,0.8839093909296568,abc def
YWRhZGFzZGFzZA==,0.34128364054491633,abc def
YWRhZGFzZGFzZA==,0.45728547554400256,abc def
YWRhZGFzZGFzZA==,0.7330030143983718,abc def
YWRhZGFzZGFzZA==,0.9453972474821092,abc def
YWRhZGFzZGFzZA==,0.23064118643295428,abc def low_prod
YWRhZGFzZGFzZA==,0.25933552397170845,abc def
YWRhZGFzZGFzZA==,0.9875746759938993,abc def
YWRhZGFzZGFzZA==,0.47496780116977577,abc def
YWRhZGFzZGFzZA==,0.4358892362011262,abc def
YWRhZGFzZGFzZA==,0.35613329402102756,abc def
YWRhZGFzZGFzZA==,0.38856253150227593,abc def
YWRhZGFzZGFzZA==,0.18991880310114684,abc def low_prod
YWRhZGFzZGFzZA==,0.9953888895516164,abc def
YWRhZGFzZGFzZA==,0.4541416537164823,abc def
YWRhZGFzZGFzZA==,0.38517482537223846,abc def
YWRhZGFzZGFzZA==,0.261503627334856,abc def
YWRhZGFzZGFzZA==,0.16513219711389593,abc def low_prod
YWRhZGFzZGFzZA==,0.35140794064265757,abc def
YWRhZGFzZGFzZA==,0.8887820862297018,abc def
YWRhZGFzZGFzZA==,0.9506419733535774,abc def
YWRhZGFzZGFzZA==,0.33115275979373093,abc def
YWRhZGFzZGFzZA==,0.26451132068766503,abc def
YWRhZGFzZGFzZA==,0.8091611620786289,abc def
YWRhZGFzZGFzZA==,0.546314911991154,abc def
YWRhZGFzZGFzZA==,0.33529754744845275,abc def
YWRhZGFzZGFzZA==,0.07255413983503156,abc def low_prod
YWRhZGFzZGFzZA==,0.35987342104543385,abc def
YWRhZGFzZGFzZA==,0.6835637293275574,abc def
YWRhZGFzZGFzZA==,0.9488390375774401,abc def
YWRhZGFzZGFzZA==,0.2416222526296632,abc def low_prod
YWRhZGFzZGFzZA==,0.12679258095777224,abc def low_prod
YWRhZGFzZGFzZA==,0.710366210267834,abc def
YWRhZGFzZGFzZA==,0.13188576009851438,abc def low_prod
YWRhZGFzZGFzZA==,0.19564722218566477,abc def low_prod
YWRhZGFzZGFzZA==,0.9449757551559061,abc def
YWRhZGFzZGFzZA==,0.0032943910110941887,abc def low_prod
YWRhZGFzZGFzZA==,0.37169302891195455,abc def
YWRhZGFzZGFzZA==,0.6376764345293662,abc def
YWRhZGFzZGFzZA==,0.32885203130635166,abc def
YWRhZGFzZGFzZA==,0.4681117681239594,abc def
YWRhZGFzZGFzZA==,0.8987132631450586,abc def
YWRhZGFzZGFzZA==,0.6618054496784082,abc def
YWRhZGFzZGFzZA==,0.5889935551150353,abc def
YWRhZGFzZGFzZA==,0.0666470124979911,abc def low_prod
YWRhZGFzZGFzZA==,0.6780485985710125,abc def
YWRhZGFzZGFzZA==,0.5429179689011359,abc def
YWRhZGFzZGFzZA==,0.913003531490081,abc def
YWRhZGFzZGFzZA==,0.12359768514387537,abc def low_prod
YWRhZGFzZGFzZA==,0.6499740005721829,abc def
YWRhZGFzZGFzZA==,0.9476608473382148,abc def
YWRhZGFzZGFzZA==,0.5481990303677281,abc def
YWRhZGFzZGFzZA==,0.6988264549169758,abc def
YWRhZGFzZGFzZA==,0.588809142219135,abc def
YWRhZGFzZGFzZA==,0.6150023664527179,abc def
YWRhZGFzZGFzZA==,0.792122072244546,abc def
YWRhZGFzZGFzZA==,0.34482579074853326,abc def
YWRhZGFzZGFzZA==,0.21298617618071003,abc def low_prod
YWRhZGFzZGFzZA==,0.1995389526603265,abc def low_prod
YWRhZGFzZGFzZA==,0.7171292701526627,abc def
YWRhZGFzZGFzZA==,0.6039310685244172,abc def
YWRhZGFzZGFzZA==,0.8801240758146792,abc def
YWRhZGFzZGFzZA==,0.8288233716889346,abc def
YWRhZGFzZGFzZA==,0.2734095268390353,abc def
YWRhZGFzZGFzZA==,0.2682724671166363,abc def
YWRhZGFzZGFzZA==,0.41479427304675187,abc def
YWRhZGFzZGFzZA==,0.16781654879183472,abc def low_prod
YWRhZGFzZGFzZA==,0.7708649170297732,abc def
YWRhZGFzZGFzZA==,0.879070995804635,abc def
YWRhZGFzZGFzZA==,0.24403982301909055,abc def low_prod
YWRhZGFzZGFzZA==,0.868241995622383,abc def
YWRhZGFzZGFzZA==,0.6773874757300236,abc def
YWRhZGFzZGFzZA==,0.6521208144539283,abc def
YWRhZGFzZGFzZA==,0.2703463770637756,abc def
YWRhZGFzZGFzZA==,0.07076117071069976,abc def low_prod
YWRhZGFzZGFzZA==,0.333909147329847,abc def
YWRhZGFzZGFzZA==,0.43347396282577955,abc def
YWRhZGFzZGFzZA==,0.10170662289013299,abc def low_prod
YWRhZGFzZGFzZA==,0.42060402063207303,abc def
YWRhZGFzZGFzZA==,0.681653949754508,abc def
YWRhZGFzZGFzZA==,0.03536681629409044,abc def low_prod
YWRhZGFzZGFzZA==,0.9716285116355825,abc def
YWRhZGFzZGFzZA==,0.7669968470899897,abc def
YWRhZGFzZGFzZA==,0.3259886309721941,abc def
YWRhZGFzZGFzZA==,0.07444555792438812,abc def low_prod
YWRhZGFzZGFzZA==,0.8037746090839096,abc def
YWRhZGFzZGFzZA==,0.2947332452086582,abc def
YWRhZGFzZGFzZA==,0.9057348336080404,abc def
YWRhZGFzZGFzZA==,0.9244797761911301,abc def
YWRhZGFzZGFzZA==,0.6813478044660632,abc def
YWRhZGFzZGFzZA==,0.5743409348650906,abc def
YWRhZGFzZGFzZA==,0.46848173174401286,abc def
YWRhZGFzZGFzZA==,0.3956839715059326,abc def
YWRhZGFzZGFzZA==,0.08194427384217629,abc def low_prod
YWRhZGFzZGFzZA==,0.03443240376012113,abc def low_prod
YWRhZGFzZGFzZA==,0.4175000665622055,abc def
YWRhZGFzZGFzZA==,0.12529318585563176,abc def low_prod
YWRhZGFzZGFzZA==,0.3163340961802684,abc def
YWRhZGFzZGFzZA==,0.0845286362053832,abc def low_prod
YWRhZGFzZGFzZA==,0.4403838880869476,abc def
YWRhZGFzZGFzZA==,0.9933033877778054,abc def
YWRhZGFzZGFzZA==,0.9659344347765069,abc def
YWRhZGFzZGFzZA==,0.12591366054691888,abc def low_prod
YWRhZGFzZGFzZA==,0.33183314733288327,abc def
YWRhZGFzZGFzZA==,0.9959369670277326,abc def
YWRhZGFzZGFzZA==,0.5838337658454172,abc def
YWRhZGFzZGFzZA==,0.012318386791330238,abc def low_prod
YWRhZGFzZGFzZA==,0.34060655953587315,abc def
YWRhZGFzZGFzZA==,0.4085441027660752,abc def
YWRhZGFzZGFzZA==,0.9131104130872042,abc def
YWRhZGFzZGFzZA==,0.7893811506784792,abc def
YWRhZGFzZGFzZA==,0.7021694915986668,abc def
YWRhZGFzZGFzZA==,0.33679377382429154,abc def
YWRhZGFzZGFzZA==,0.8924422732272039,abc def
YWRhZGFzZGFzZA==,0.5136272178009896,abc def
YWRhZGFzZGFzZA==,0.5630882695034123,abc def
YWRhZGFzZGFzZA==,0.2819454589768797,abc def
YWRhZGFzZGFzZA==,0.4912755681678458,abc def
YWRhZGFzZGFzZA==,0.43261485559887636,abc def
YWRhZGFzZGFzZA==,0.22083257941194923,abc def low_prod
YWRhZGFzZGFzZA==,0.2086612498413053,abc def low_prod
YWRhZGFzZGFzZA==,0.5486645737392919,abc def
YWRhZGFzZGFzZA==,0.7302035572773241,abc def
YWRhZGFzZGFzZA==,0.5273521886613965,abc def
YWRhZGFzZGFzZA==,0.15879037663295803,abc def low_prod
YWRhZGFzZGFzZA==,0.04757551733909404,abc def low_prod
YWRhZGFzZGFzZA==,0.5763668632308401,abc def
YWRhZGFzZGFzZA==,0.5874858015026496,abc def
YWRhZGFzZGFzZA==,0.06586498516507622,abc def low_prod
YWRhZGFzZGFzZA==,0.8224155435082008,abc def
YWRhZGFzZGFzZA==,0.7405668461302586,abc def
YWRhZGFzZGFzZA==,0.007320887211693328,abc def low_prod
YWRhZGFzZGFzZA==,0.8254540314740872,abc def
YWRhZGFzZGFzZA==,0.6197805362029993,abc def
YWRhZGFzZGFzZA==,0.9178123674796211,abc def
YWRhZGFzZGFzZA==,0.35253943921415276,abc def
YWRhZGFzZGFzZA==,0.3089500930224722,abc def
YWRhZGFzZGFzZA==,0.08966808670318027,abc def low_prod
YWRhZGFzZGFzZA==,0.13735797798283267,abc def low_prod
YWRhZGFzZGFzZA==,0.5698945909826811,abc def
YWRhZGFzZGFzZA==,0.791445827927093,abc def
YWRhZGFzZGFzZA==,0.9737270824090519,abc def
YWRhZGFzZGFzZA==,0.18361716097750047,abc def low_prod
YWRhZGFzZGFzZA==,0.015287225788578773,abc def low_prod
YWRhZGFzZGFzZA==,0.027847396419662385,abc def low_prod
YWRhZGFzZGFzZA==,0.544362456829145,abc def
YWRhZGFzZGFzZA==,0.04459264752923964,abc def low_prod
YWRhZGFzZGFzZA==,0.33165898482052336,abc def
YWRhZGFzZGFzZA==,0.17674682744113135,abc def low_prod
YWRhZGFzZGFzZA==,0.3078523773810885,abc def
YWRhZGFzZGFzZA==,0.9557340131929607,abc def
YWRhZGFzZGFzZA==,0.8314050496798571,abc def
YWRhZGFzZGFzZA==,0.9136519753618005,abc def
YWRhZGFzZGFzZA==,0.5750253327440764,abc def
YWRhZGFzZGFzZA==,0.4889444754878808,abc def
YWRhZGFzZGFzZA==,0.47904967980780155,abc def
YWRhZGFzZGFzZA==,0.709681200043513,abc def
YWRhZGFzZGFzZA==,0.09399843764509586,abc def low_prod
YWRhZGFzZGFzZA==,0.2495988231509373,abc def low_prod
YWRhZGFzZGFzZA==,0.9735848856692297,abc def
YWRhZGFzZGFzZA==,0.6616106765470833,abc def
YWRhZGFzZGFzZA==,0.46424038951456215,abc def
YWRhZGFzZGFzZA==,0.5377969277631224,abc def
YWRhZGFzZGFzZA==,0.2164244221820697,abc def low_prod
YWRhZGFzZGFzZA==,0.5567761984981614,abc def
YWRhZGFzZGFzZA==,0.3036980697660402,abc def
YWRhZGFzZGFzZA==,0.615581648374817,abc def
YWRhZGFzZGFzZA==,0.3485263904213146,abc def
YWRhZGFzZGFzZA==,0.4733962329807172,abc def
YWRhZGFzZGFzZA==,0.5596284920223533,abc def
YWRhZGFzZGFzZA==,0.16716795683155816,abc def low_prod
YWRhZGFzZGFzZA==,0.5337537852398571,abc def
YWRhZGFzZGFzZA==,0.5202654363057974,abc def
YWRhZGFzZGFzZA==,0.23896685305285204,abc def low_prod
YWRhZGFzZGFzZA==,0.2996818426660445,abc def
YWRhZGFzZGFzZA==,0.07337618400499801,abc def low_prod
YWRhZGFzZGFzZA==,0.10261655785946322,abc def low_prod
YWRhZGFzZGFzZA==,0.14244445480641765,abc def low_prod
YWRhZGFzZGFzZA==,0.3081808964427635,abc def
YWRhZGFzZGFzZA==,0.6605431803510353,abc def
YWRhZGFzZGFzZA==,0.9747660727940296,abc def
YWRhZGFzZGFzZA==,0.18154282236078922,abc def low_prod
YWRhZGFzZGFzZA==,0.6079044578580098,abc def
YWRhZGFzZGFzZA==,0.7465225834068334,abc def
YWRhZGFzZGFzZA==,0.009675626565206485,abc def low_prod
YWRhZGFzZGFzZA==,0.22762787674071738,abc def low_prod
YWRhZGFzZGFzZA==,0.3018449984970265,abc def
YWRhZGFzZGFzZA==,0.515055926315887,abc def
YWRhZGFzZGFzZA==,0.2778242382135946,abc def
YWRhZGFzZGFzZA==,0.6513077056341914,abc def
YWRhZGFzZGFzZA==,0.488691479918429,abc def
YWRhZGFzZGFzZA==,0.19765058261874258,abc def low_prod
YWRhZGFzZGFzZA==,0.8814497805533325,abc def
YWRhZGFzZGFzZA==,0.6428338277031865,abc def
YWRhZGFzZGFzZA==,0.5436254716988166,abc def
YWRhZGFzZGFzZA==,0.9269910678921827,abc def
YWRhZGFzZGFzZA==,0.8866897251681028,abc def
YWRhZGFzZGFzZA==,0.5294944987066751,abc def
YWRhZGFzZGFzZA==,0.6646433432902189,abc def
YWRhZGFzZGFzZA==,0.1242788753308055,abc def low_prod
YWRhZGFzZGFzZA==,0.4216445442171687,abc def
YWRhZGFzZGFzZA==,0.17384161230970763,abc def low_prod
YWRhZGFzZGFzZA==,0.5539654080492307,abc def
YWRhZGFzZGFzZA==,0.19552412528627083,abc def low_prod
YWRhZGFzZGFzZA==,0.734731555581554,abc def
YWRhZGFzZGFzZA==,0.242164929443355,abc def low_prod
YWRhZGFzZGFzZA==,0.4854900915556618,abc def
YWRhZGFzZGFzZA==,0.4415964534360829,abc def
YWRhZGFzZGFzZA==,0.07277480478477216,abc def low_prod
YWRhZGFzZGFzZA==,0.06379493597509611,abc def low_prod
YWRhZGFzZGFzZA==,0.9129546847308193,abc def
YWRhZGFzZGFzZA==,0.5263954504666203,abc def
YWRhZGFzZGFzZA==,0.18069551783123372,abc def low_prod
YWRhZGFzZGFzZA==,0.942999114333774,abc def
YWRhZGFzZGFzZA==,0.5746565409538242,abc def
YWRhZGFzZGFzZA==,0.38919331297963555,abc def
YWRhZGFzZGFzZA==,0.31084572292259693,abc def
YWRhZGFzZGFzZA==,0.5997379462579687,abc def
YWRhZGFzZGFzZA==,0.7777260613292849,abc def
YWRhZGFzZGFzZA==,0.35462165651915367,abc def
YWRhZGFzZGFzZA==,0.9981684734781417,abc def
YWRhZGFzZGFzZA==,0.5816790406432658,abc def
YWRhZGFzZGFzZA==,0.5327229555564988,abc def
YWRhZGFzZGFzZA==,0.16223771983059387,abc def low_prod
YWRhZGFzZGFzZA==,0.17759390564795208,abc def low_prod
YWRhZGFzZGFzZA==,0.7114703525895464,abc def
YWRhZGFzZGFzZA==,0.6494806542224273,abc def
YWRhZGFzZGFzZA==,0.8808847837987713,abc def
YWRhZGFzZGFzZA==,0.3745399512507128,abc def
YWRhZGFzZGFzZA==,0.5470066732835004,abc def
YWRhZGFzZGFzZA==,0.03462874890447731,abc def low_prod
YWRhZGFzZGFzZA==,0.11228201785965497,abc def low_prod
YWRhZGFzZGFzZA==,0.8989148518212127,abc def
YWRhZGFzZGFzZA==,0.7775405956442821,abc def
YWRhZGFzZGFzZA==,0.3706092062377364,abc def
YWRhZGFzZGFzZA==,0.07365220117869287,abc def low_prod
YWRhZGFzZGFzZA==,0.8770816567155811,abc def
YWRhZGFzZGFzZA==,0.18144068516233847,abc def low_prod
YWRhZGFzZGFzZA==,0.5329440129130887,abc def
YWRhZGFzZGFzZA==,0.19799883718482514,abc def low_prod
YWRhZGFzZGFzZA==,0.3777286458969952,abc def
YWRhZGFzZGFzZA==,0.40209574674894843,abc def
YWRhZGFzZGFzZA==,0.06892268618529185,abc def low_prod
YWRhZGFzZGFzZA==,0.012235166367518646,abc def low_prod
YWRhZGFzZGFzZA==,0.14474736184765102,abc def low_prod
YWRhZGFzZGFzZA==,0.0037431065988902112,abc def low_prod
YWRhZGFzZGFzZA==,0.9144183557370714,abc def
YWRhZGFzZGFzZA==,0.6878232518389321,abc def
YWRhZGFzZGFzZA==,0.197925689462505,abc def low_prod
YWRhZGFzZGFzZA==,0.4752317709749312,abc def
YWRhZGFzZGFzZA==,0.12063954547153255,abc def low_prod
YWRhZGFzZGFzZA==,0.29723818646421896,abc def
YWRhZGFzZGFzZA==,0.8960685283686143,abc def
YWRhZGFzZGFzZA==,0.41170716471119817,abc def
YWRhZGFzZGFzZA==,0.7305923890623204,abc def
YWRhZGFzZGFzZA==,0.720948568310325,abc def
YWRhZGFzZGFzZA==,0.03659534794229591,abc def low_prod
YWRhZGFzZGFzZA==,0.8998058592559784,abc def
YWRhZGFzZGFzZA==,0.2680181716660138,abc def
YWRhZGFzZGFzZA==,0.45957359472962,abc def
YWRhZGFzZGFzZA==,0.26903121255380646,abc def
YWRhZGFzZGFzZA==,0.27788049543660576,abc def
YWRhZGFzZGFzZA==,0.16308873614252484,abc def low_prod
YWRhZGFzZGFzZA==,0.8416588151439435,abc def
YWRhZGFzZGFzZA==,0.9688770667897789,abc def
YWRhZGFzZGFzZA==,0.4702567787923928,abc def
YWRhZGFzZGFzZA==,0.8978615690913881,abc def
YWRhZGFzZGFzZA==,0.14334367818597737,abc def low_prod
YWRhZGFzZGFzZA==,0.7282468778513735,abc def
YWRhZGFzZGFzZA==,0.7668664004001874,abc def
YWRhZGFzZGFzZA==,0.7731852927712429,abc def
YWRhZGFzZGFzZA==,0.1587808529267145,abc def low_prod
YWRhZGFzZGFzZA==,0.26037137016715606,abc def
YWRhZGFzZGFzZA==,0.09872471161605612,abc def low_prod
YWRhZGFzZGFzZA==,0.6793341453037957,abc def
YWRhZGFzZGFzZA==,0.5136011032172889,abc def
YWRhZGFzZGFzZA==,0.46099060324184216,abc def
YWRhZGFzZGFzZA==,0.24793262134242944,abc def low_prod
YWRhZGFzZGFzZA==,0.17289667415747212,abc def low_prod
YWRhZGFzZGFzZA==,0.6833935970939855,abc def
YWRhZGFzZGFzZA==,0.13503753363846627,abc def low_prod
YWRhZGFzZGFzZA==,0.8048176325968909,abc def
YWRhZGFzZGFzZA==,0.17885376759690141,abc def low_prod
YWRhZGFzZGFzZA==,0.2393607840341927,abc def low_prod
YWRhZGFzZGFzZA==,0.7158571911623387,abc def
YWRhZGFzZGFzZA==,0.8812524926542857,abc def
YWRhZGFzZGFzZA==,0.4155043832433196,abc def
YWRhZGFzZGFzZA==,0.3922230249612948,abc def
YWRhZGFzZGFzZA==,0.40567146983307,abc def
YWRhZGFzZGFzZA==,0.5405986805206694,abc def
YWRhZGFzZGFzZA==,0.03755311252939675,abc def low_prod
YWRhZGFzZGFzZA==,0.9653973606392597,abc def
YWRhZGFzZGFzZA==,0.03183305616045129,abc def low_prod
YWRhZGFzZGFzZA==,0.45084821233375594,abc def
YWRhZGFzZGFzZA==,0.421345868248056,abc def
YWRhZGFzZGFzZA==,0.45725866303222806,abc def
YWRhZGFzZGFzZA==,0.961897514612076,abc def
YWRhZGFzZGFzZA==,0.2958138674961134,abc def
YWRhZGFzZGFzZA==,0.993123371100229,abc def
YWRhZGFzZGFzZA==,0.2750600704945052,abc def
YWRhZGFzZGFzZA==,0.17460756269683642,abc def low_prod
YWRhZGFzZGFzZA==,0.014738386128588798,abc def low_prod
YWRhZGFzZGFzZA==,0.8907375351597031,abc def
YWRhZGFzZGFzZA==,0.7912808833582801,abc def
YWRhZGFzZGFzZA==,0.1903128678767152,abc def low_prod
YWRhZGFzZGFzZA==,0.27455278241246883,abc def
YWRhZGFzZGFzZA==,0.7575015037028711,abc def
YWRhZGFzZGFzZA==,0.629538162765325,abc def
YWRhZGFzZGFzZA==,0.36499349804490144,abc def
YWRhZGFzZGFzZA==,0.20108260726427796,abc def low_prod
YWRhZGFzZGFzZA==,0.20911732283315976,abc def low_prod
YWRhZGFzZGFzZA==,0.06944111869054559,abc def low_prod
YWRhZGFzZGFzZA==,0.2718399493462027,abc def
YWRhZGFzZGFzZA==,0.43688192529490644,abc def
YWRhZGFzZGFzZA==,0.9672684716645452,abc def
YWRhZGFzZGFzZA==,0.051694239758593,abc def low_prod
YWRhZGFzZGFzZA==,0.7174605876262078,abc def
YWRhZGFzZGFzZA==,0.25953262150579925,abc def
YWRhZGFzZGFzZA==,0.894049486038351,abc def
YWRhZGFzZGFzZA==,0.9310708119613506,abc def
YWRhZGFzZGFzZA==,0.8901108904047651,abc def
YWRhZGFzZGFzZA==,0.1940233595932802,abc def low_prod
YWRhZGFzZGFzZA==,0.6444229572753187,abc def
YWRhZGFzZGFzZA==,0.5160114144499683,abc def
YWRhZGFzZGFzZA==,0.8830483346300234,abc def
YWRhZGFzZGFzZA==,0.8791468273457446,abc def
YWRhZGFzZGFzZA==,0.617677368955885,abc def
YWRhZGFzZGFzZA==,0.8420381448523242,abc def
YWRhZGFzZGFzZA==,0.4530099097413377,abc def
YWRhZGFzZGFzZA==,0.959111574781161,abc def
YWRhZGFzZGFzZA==,0.727872625602524,abc def
YWRhZGFzZGFzZA==,0.6790590539871131,abc def
YWRhZGFzZGFzZA==,0.2833546600656328,abc def
YWRhZGFzZGFzZA==,0.9236566495547079,abc def
YWRhZGFzZGFzZA==,0.670639254069136,abc def
YWRhZGFzZGFzZA==,0.1843812927311741,abc def low_prod
YWRhZGFzZGFzZA==,0.6270005772284581,abc def
YWRhZGFzZGFzZA==,0.8759331060348805,abc def
YWRhZGFzZGFzZA==,0.6409485056152491,abc def
YWRhZGFzZGFzZA==,0.7319195544416486,abc def
YWRhZGFzZGFzZA==,0.9629509355298013,abc def
YWRhZGFzZGFzZA==,0.08997963137776555,abc def low_prod
YWRhZGFzZGFzZA==,0.2903620172895719,abc def
YWRhZGFzZGFzZA==,0.36543088371477783,abc def
YWRhZGFzZGFzZA==,0.8393123615433545,abc def
YWRhZGFzZGFzZA==,0.14303509900239508,abc def low_prod
YWRhZGFzZGFzZA==,0.5005923938905222,abc def
YWRhZGFzZGFzZA==,0.5945396720722089,abc def
YWRhZGFzZGFzZA==,0.9033653561622196,abc def
YWRhZGFzZGFzZA==,0.12628071485501102,abc def low_prod
YWRhZGFzZGFzZA==,0.8141761189745004,abc def
YWRhZGFzZGFzZA==,0.8045063608431654,abc def
YWRhZGFzZGFzZA==,0.10271941076442681,abc def low_prod
YWRhZGFzZGFzZA==,0.43280407586814207,abc def
YWRhZGFzZGFzZA==,0.048678378880050666,abc def low_prod
YWRhZGFzZGFzZA==,0.09069572146465532,abc def low_prod
YWRhZGFzZGFzZA==,0.16920111666539217,abc def low_prod
YWRhZGFzZGFzZA==,0.007015272231833958,abc def low_prod
YWRhZGFzZGFzZA==,0.46877084567045246,abc def
YWRhZGFzZGFzZA==,0.41758128424297813,abc def
YWRhZGFzZGFzZA==,0.7452247832017148,abc def
YWRhZGFzZGFzZA==,0.8284663360833043,abc def
YWRhZGFzZGFzZA==,0.6786707593427771,abc def
YWRhZGFzZGFzZA==,0.8497178846155229,abc def
YWRhZGFzZGFzZA==,0.023749522439706405,abc def low_prod
YWRhZGFzZGFzZA==,0.253735199637511,abc def
YWRhZGFzZGFzZA==,0.7513749496678599,abc def
YWRhZGFzZGFzZA==,0.7276804419160978,abc def
YWRhZGFzZGFzZA==,0.3559067330993182,abc def
YWRhZGFzZGFzZA==,0.671193060756977,abc def
YWRhZGFzZGFzZA==,0.47486550214432777,abc def
YWRhZGFzZGFzZA==,0.3665694810055137,abc def
YWRhZGFzZGFzZA==,0.09329518448204954,abc def low_prod
YWRhZGFzZGFzZA==,0.8550060838268017,abc def
YWRhZGFzZGFzZA==,0.2600255196945931,abc def
YWRhZGFzZGFzZA==,0.20669283308188835,abc def low_prod
YWRhZGFzZGFzZA==,0.892630411055113,abc def
YWRhZGFzZGFzZA==,0.7784387068639558,abc def
YWRhZGFzZGFzZA==,0.7713586662665567,abc def
YWRhZGFzZGFzZA==,0.3484193551938999,abc def
YWRhZGFzZGFzZA==,0.670372637857988,abc def
YWRhZGFzZGFzZA==,0.3111107464441135,abc def
YWRhZGFzZGFzZA==,0.04972650511853527,abc def low_prod
YWRhZGFzZGFzZA==,0.253540356767891,abc def
YWRhZGFzZGFzZA==,0.3900209947410538,abc def
YWRhZGFzZGFzZA==,0.26142359285829475,abc def
YWRhZGFzZGFzZA==,0.3112127450149822,abc def
YWRhZGFzZGFzZA==,0.07371753083093802,abc def low_prod
YWRhZGFzZGFzZA==,0.9259221611611513,abc def
YWRhZGFzZGFzZA==,0.022175215298265605,abc def low_prod
YWRhZGFzZGFzZA==,0.09216060886719546,abc def low_prod
YWRhZGFzZGFzZA==,0.6772471527091467,abc def
YWRhZGFzZGFzZA==,0.0036346410662504436,abc def low_prod
YWRhZGFzZGFzZA==,0.41243570951244135,abc def
YWRhZGFzZGFzZA==,0.4223036784620584,abc def
YWRhZGFzZGFzZA==,0.13414840921991722,abc def low_prod
YWRhZGFzZGFzZA==,0.4574556955018466,abc def
YWRhZGFzZGFzZA==,0.48886159240407123,abc def
YWRhZGFzZGFzZA==,0.1029296193423429,abc def low_prod
YWRhZGFzZGFzZA==,0.8432459413253691,abc def
YWRhZGFzZGFzZA==,0.4585988138811845,abc def
YWRhZGFzZGFzZA==,0.28728877948995823,abc def
YWRhZGFzZGFzZA==,0.7453348516282401,abc def
YWRhZGFzZGFzZA==,0.9661497970156306,abc def
YWRhZGFzZGFzZA==,0.9237880447438057,abc def
YWRhZGFzZGFzZA==,0.9099452281740436,abc def
YWRhZGFzZGFzZA==,0.31635034616472224,abc def
YWRhZGFzZGFzZA==,0.5010284513826933,abc def
YWRhZGFzZGFzZA==,0.3050682299348252,abc def
YWRhZGFzZGFzZA==,0.39097474890421346,abc def
YWRhZGFzZGFzZA==,0.16409335549409232,abc def low_prod
YWRhZGFzZGFzZA==,0.9273169081265988,abc def
YWRhZGFzZGFzZA==,0.22843155513016278,abc def low_prod
YWRhZGFzZGFzZA==,0.9449995511505355,abc def
YWRhZGFzZGFzZA==,0.06969832761886752,abc def low_prod
YWRhZGFzZGFzZA==,0.10195998630745584,abc def low_prod
YWRhZGFzZGFzZA==,0.03514512740202602,abc def low_prod
YWRhZGFzZGFzZA==,0.4177789314055592,abc def
YWRhZGFzZGFzZA==,0.7560852371675535,abc def
YWRhZGFzZGFzZA==,0.9119109104089329,abc def
YWRhZGFzZGFzZA==,0.3193338165529791,abc def
YWRhZGFzZGFzZA==,0.09532281195098224,abc def low_prod
YWRhZGFzZGFzZA==,0.2382249950285299,abc def low_prod
YWRhZGFzZGFzZA==,0.4386184165059118,abc def
YWRhZGFzZGFzZA==,0.07874577317957221,abc def low_prod
YWRhZGFzZGFzZA==,0.28012458512841565,abc def
YWRhZGFzZGFzZA==,0.3525145526822666,abc def
YWRhZGFzZGFzZA==,0.26804457365511003,abc def
YWRhZGFzZGFzZA==,0.9565482459085775,abc def
YWRhZGFzZGFzZA==,0.5321832204359453,abc def
YWRhZGFzZGFzZA==,0.5820121970548389,abc def
YWRhZGFzZGFzZA==,0.8299446958995518,abc def
YWRhZGFzZGFzZA==,0.6447648590753432,abc def
YWRhZGFzZGFzZA==,0.36797213975248244,abc def
YWRhZGFzZGFzZA==,0.4815979919184269,abc def
YWRhZGFzZGFzZA==,0.4311365084705808,abc def
YWRhZGFzZGFzZA==,0.9679940516518917,abc def
YWRhZGFzZGFzZA==,0.864619033188269,abc def
YWRhZGFzZGFzZA==,0.08772145132409614,abc def low_prod
YWRhZGFzZGFzZA==,0.03611357060288278,abc def low_prod
YWRhZGFzZGFzZA==,0.9827038340828851,abc def
YWRhZGFzZGFzZA==,0.41254439849949054,abc def
YWRhZGFzZGFzZA==,0.15009869833277933,abc def low_prod
YWRhZGFzZGFzZA==,0.18471774172400057,abc def low_prod
YWRhZGFzZGFzZA==,0.8949969282374229,abc def
YWRhZGFzZGFzZA==,0.36053325300405403,abc def
YWRhZGFzZGFzZA==,0.5547296072515892,abc def
YWRhZGFzZGFzZA==,0.2576698387862284,abc def
YWRhZGFzZGFzZA==,0.6032447369392401,abc def
YWRhZGFzZGFzZA==,0.0683543046858357,abc def low_prod
YWRhZGFzZGFzZA==,0.15749579350989795,abc def low_prod
YWRhZGFzZGFzZA==,0.9548002100812505,abc def
YWRhZGFzZGFzZA==,0.8473644598133878,abc def
YWRhZGFzZGFzZA==,0.7361754943603223,abc def
YWRhZGFzZGFzZA==,0.9020422478611894,abc def
YWRhZGFzZGFzZA==,0.9099364741794344,abc def
YWRhZGFzZGFzZA==,0.28917312538120443,abc def
YWRhZGFzZGFzZA==,0.2146382514725712,abc def low_prod
YWRhZGFzZGFzZA==,0.3506553175551067,abc def
YWRhZGFzZGFzZA==,0.07355706303015108,abc def low_prod
YWRhZGFzZGFzZA==,0.08473742575739918,abc def low_prod
YWRhZGFzZGFzZA==,0.35353410295769216,abc def
YWRhZGFzZGFzZA==,0.9143082393950669,abc def
YWRhZGFzZGFzZA==,0.3603825338631721,abc def
YWRhZGFzZGFzZA==,0.9125915674496113,abc def
YWRhZGFzZGFzZA==,0.007521958595288147,abc def low_prod
YWRhZGFzZGFzZA==,0.9396116390759194,abc def
YWRhZGFzZGFzZA==,0.3905605144064591,abc def
YWRhZGFzZGFzZA==,0.1380419996337373,abc def low_prod
YWRhZGFzZGFzZA==,0.971319582136063,abc def
YWRhZGFzZGFzZA==,0.8930983704492526,abc def
YWRhZGFzZGFzZA==,0.30280295792791156,abc def
YWRhZGFzZGFzZA==,0.2310908399012167,abc def low_prod
YWRhZGFzZGFzZA==,0.47474072793648336,abc def
YWRhZGFzZGFzZA==,0.26403614363911043,abc def
YWRhZGFzZGFzZA==,0.678373069648801,abc def
YWRhZGFzZGFzZA==,0.8284386460300068,abc def
YWRhZGFzZGFzZA==,0.06492566915864684,abc def low_prod
YWRhZGFzZGFzZA==,0.6661316943290763,abc def
YWRhZGFzZGFzZA==,0.07234928408351904,abc def low_prod
YWRhZGFzZGFzZA==,0.941587567596558,abc def
YWRhZGFzZGFzZA==,0.29848741233063003,abc def
YWRhZGFzZGFzZA==,0.035552730431886226,abc def low_prod
YWRhZGFzZGFzZA==,0.8826156356655146,abc def
YWRhZGFzZGFzZA==,0.7154195111238187,abc def
YWRhZGFzZGFzZA==,0.01388403159271101,abc def low_prod
YWRhZGFzZGFzZA==,0.759940596073654,abc def
YWRhZGFzZGFzZA==,0.01187032246541464,abc def low_prod
YWRhZGFzZGFzZA==,0.10943476079492831,abc def low_prod
YWRhZGFzZGFzZA==,0.11479496457343641,abc def low_prod
YWRhZGFzZGFzZA==,0.0036044682053444355,abc def low_prod
YWRhZGFzZGFzZA==,0.6582167562404759,abc def
YWRhZGFzZGFzZA==,0.027952223623640915,abc def low_prod
YWRhZGFzZGFzZA==,0.3267104052388864,abc def
YWRhZGFzZGFzZA==,0.7556865013216636,abc def
YWRhZGFzZGFzZA==,0.8649235123205259,abc def
YWRhZGFzZGFzZA==,0.49130968227438243,abc def
YWRhZGFzZGFzZA==,0.4458072455935229,abc def
YWRhZGFzZGFzZA==,0.9765816955025614,abc def
YWRhZGFzZGFzZA==,0.823565906671874,abc def
YWRhZGFzZGFzZA==,0.06080983410762386,abc def low_prod
YWRhZGFzZGFzZA==,0.7947269060539544,abc def
YWRhZGFzZGFzZA==,0.371597890296125,abc def
YWRhZGFzZGFzZA==,0.1049592143094652,abc def low_prod
YWRhZGFzZGFzZA==,0.26743595691148925,abc def
YWRhZGFzZGFzZA==,0.8789029004303566,abc def
YWRhZGFzZGFzZA==,0.3806750619687743,abc def
YWRhZGFzZGFzZA==,0.20186155312893972,abc def low_prod
YWRhZGFzZGFzZA==,0.3907164240856511,abc def
YWRhZGFzZGFzZA==,0.2517695082092407,abc def
YWRhZGFzZGFzZA==,0.37296993358582187,abc def
YWRhZGFzZGFzZA==,0.8748386610333605,abc def
YWRhZGFzZGFzZA==,0.4700612477896452,abc def
YWRhZGFzZGFzZA==,0.26323497741194013,abc def
YWRhZGFzZGFzZA==,0.7478428118215725,abc def
YWRhZGFzZGFzZA==,0.9889015062826145,abc def
YWRhZGFzZGFzZA==,0.5197790434692715,abc def
YWRhZGFzZGFzZA==,0.6879408052065435,abc def
YWRhZGFzZGFzZA==,0.47241273422612173,abc def
YWRhZGFzZGFzZA==,0.9157608938379411,abc def
YWRhZGFzZGFzZA==,0.5620725742582303,abc def
YWRhZGFzZGFzZA==,0.7061985740633464,abc def
YWRhZGFzZGFzZA==,0.3262263417027105,abc def
YWRhZGFzZGFzZA==,0.18832994133684644,abc def low_prod
YWRhZGFzZGFzZA==,0.2688485168441739,abc def
YWRhZGFzZGFzZA==,0.21757159154698347,abc def low_prod
YWRhZGFzZGFzZA==,0.4140639312861728,abc def
YWRhZGFzZGFzZA==,0.10472927455584535,abc def low_prod
YWRhZGFzZGFzZA==,0.8502698665212716,abc def
YWRhZGFzZGFzZA==,0.6566847365549782,abc def
YWRhZGFzZGFzZA==,0.8452816839606324,abc def
YWRhZGFzZGFzZA==,0.09916528076002984,abc def low_prod
YWRhZGFzZGFzZA==,0.645269136143056,abc def
YWRhZGFzZGFzZA==,0.15876194120683151,abc def low_prod
YWRhZGFzZGFzZA==,0.37693277149075943,abc def
YWRhZGFzZGFzZA==,0.4872528916217691,abc def
YWRhZGFzZGFzZA==,0.35017684069727195,abc def
YWRhZGFzZGFzZA==,0.31190553787444,abc def
YWRhZGFzZGFzZA==,0.2536881207582723,abc def
YWRhZGFzZGFzZA==,0.34133556298839784,abc def
YWRhZGFzZGFzZA==,0.38385318203530017,abc def
YWRhZGFzZGFzZA==,0.2865267972763329,abc def
YWRhZGFzZGFzZA==,0.5934022000477964,abc def
YWRhZGFzZGFzZA==,0.6565702716146603,abc def
YWRhZGFzZGFzZA==,0.5043857418568637,abc def
YWRhZGFzZGFzZA==,0.9999780005523267,abc def
YWRhZGFzZGFzZA==,0.9805950177519738,abc def
YWRhZGFzZGFzZA==,0.3581921788752209,abc def
YWRhZGFzZGFzZA==,0.7538872812613617,abc def
YWRhZGFzZGFzZA==,0.19080060000238686,abc def low_prod
YWRhZGFzZGFzZA==,0.8935899790922149,abc def
YWRhZGFzZGFzZA==,0.8886311289393353,abc def
YWRhZGFzZGFzZA==,0.33474465235001305,abc def
YWRhZGFzZGFzZA==,0.9285545406603268,abc def
YWRhZGFzZGFzZA==,0.904934502083564,abc def
YWRhZGFzZGFzZA==,0.9891175391836695,abc def
YWRhZGFzZGFzZA==,0.6106181996888209,abc def
YWRhZGFzZGFzZA==,0.9663681095042007,abc def
YWRhZGFzZGFzZA==,0.7388822946103268,abc def
YWRhZGFzZGFzZA==,0.7829847267118356,abc def
YWRhZGFzZGFzZA==,0.7264264143340114,abc def
YWRhZGFzZGFzZA==,0.956817258522293,abc def
YWRhZGFzZGFzZA==,0.07406271562950151,abc def low_prod
YWRhZGFzZGFzZA==,0.938034352369406,abc def
YWRhZGFzZGFzZA==,0.08935795661806656,abc def low_prod
YWRhZGFzZGFzZA==,0.058839113502837104,abc def low_prod
YWRhZGFzZGFzZA==,0.8690061723767376,abc def
YWRhZGFzZGFzZA==,0.18426950154399158,abc def low_prod
YWRhZGFzZGFzZA==,0.27056328835231247,abc def
YWRhZGFzZGFzZA==,0.9291659296163831,abc def
YWRhZGFzZGFzZA==,0.43940218870627346,abc def
YWRhZGFzZGFzZA==,0.511797760389238,abc def
YWRhZGFzZGFzZA==,0.8235003826113046,abc def
YWRhZGFzZGFzZA==,0.524504763565766,abc def
YWRhZGFzZGFzZA==,0.510550616370066,abc def
YWRhZGFzZGFzZA==,0.15899902814095468,abc def low_prod
YWRhZGFzZGFzZA==,0.3858901788087393,abc def
YWRhZGFzZGFzZA==,0.0401550283171751,abc def low_prod
YWRhZGFzZGFzZA==,0.6833696478386019,abc def
YWRhZGFzZGFzZA==,0.032767220349571136,abc def low_prod
YWRhZGFzZGFzZA==,0.04603770704301757,abc def low_prod
YWRhZGFzZGFzZA==,0.5461926238445688,abc def
YWRhZGFzZGFzZA==,0.6610514367257057,abc def
YWRhZGFzZGFzZA==,0.16311908293791688,abc def low_prod
YWRhZGFzZGFzZA==,0.8956257619023738,abc def
YWRhZGFzZGFzZA==,0.15190193428904253,abc def low_prod
YWRhZGFzZGFzZA==,0.629858791701635,abc def
YWRhZGFzZGFzZA==,0.18149974903063915,abc def low_prod
YWRhZGFzZGFzZA==,0.4602891096394025,abc def
YWRhZGFzZGFzZA==,0.7361143160792835,abc def
YWRhZGFzZGFzZA==,0.3313436177364384,abc def
YWRhZGFzZGFzZA==,0.7795382516830093,abc def
YWRhZGFzZGFzZA==,0.3111415943349185,abc def
YWRhZGFzZGFzZA==,0.4182440952979378,abc def
YWRhZGFzZGFzZA==,0.7948953290856292,abc def
YWRhZGFzZGFzZA==,0.7081929071124017,abc def
YWRhZGFzZGFzZA==,0.5093603743617559,abc def
YWRhZGFzZGFzZA==,0.32804306231351954,abc def
YWRhZGFzZGFzZA==,0.005087113089414452,abc def low_prod
YWRhZGFzZGFzZA==,0.10401751363345602,abc def low_prod
YWRhZGFzZGFzZA==,0.9348153462152093,abc def
YWRhZGFzZGFzZA==,0.528423447217999,abc def
YWRhZGFzZGFzZA==,0.5403041596953833,abc def
YWRhZGFzZGFzZA==,0.20569702571695048,abc def low_prod
YWRhZGFzZGFzZA==,0.802189478238436,abc def
YWRhZGFzZGFzZA==,0.16920522982644626,abc def low_prod
YWRhZGFzZGFzZA==,0.5010551049277582,abc def
YWRhZGFzZGFzZA==,0.6111473808769476,abc def
YWRhZGFzZGFzZA==,0.12156765791721436,abc def low_prod
YWRhZGFzZGFzZA==,0.39657559254463903,abc def
YWRhZGFzZGFzZA==,0.986144512191575,abc def
YWRhZGFzZGFzZA==,0.6624711428631052,abc def
YWRhZGFzZGFzZA==,0.08426745494903487,abc def low_prod
YWRhZGFzZGFzZA==,0.3862536582627304,abc def
YWRhZGFzZGFzZA==,0.5258903027134271,abc def
YWRhZGFzZGFzZA==,0.09071706546487956,abc def low_prod
YWRhZGFzZGFzZA==,0.6917231860805046,abc def
YWRhZGFzZGFzZA==,0.5668234750087723,abc def
YWRhZGFzZGFzZA==,0.744596238105041,abc def
YWRhZGFzZGFzZA==,0.32805722489133826,abc def
YWRhZGFzZGFzZA==,0.6687958605456376,abc def
YWRhZGFzZGFzZA==,0.08456215565788816,abc def low_prod
YWRhZGFzZGFzZA==,0.39425315436784336,abc def
YWRhZGFzZGFzZA==,0.45526099981697254,abc def
YWRhZGFzZGFzZA==,0.9597234097809265,abc def
YWRhZGFzZGFzZA==,0.05824272755217996,abc def low_prod
YWRhZGFzZGFzZA==,0.40495831770462243,abc def
YWRhZGFzZGFzZA==,0.797891831748748,abc def
YWRhZGFzZGFzZA==,0.7540840726211496,abc def
YWRhZGFzZGFzZA==,0.625738149367081,abc def
YWRhZGFzZGFzZA==,0.4430557667484435,abc def
YWRhZGFzZGFzZA==,0.0794826331945101,abc def low_prod
YWRhZGFzZGFzZA==,0.5008730477396971,abc def
YWRhZGFzZGFzZA==,0.8052229479258839,abc def
YWRhZGFzZGFzZA==,0.5706945428159343,abc def
YWRhZGFzZGFzZA==,0.5513708241867233,abc def
YWRhZGFzZGFzZA==,0.15861316155011507,abc def low_prod
YWRhZGFzZGFzZA==,0.16106787250011145,abc def low_prod
YWRhZGFzZGFzZA==,0.06548157728937432,abc def low_prod
YWRhZGFzZGFzZA==,0.5210178446438404,abc def
YWRhZGFzZGFzZA==,0.17894758145223089,abc def low_prod
YWRhZGFzZGFzZA==,0.7562252214340442,abc def
YWRhZGFzZGFzZA==,0.07009651188904076,abc def low_prod
YWRhZGFzZGFzZA==,0.6936757520973678,abc def
YWRhZGFzZGFzZA==,0.2736526400446221,abc def
YWRhZGFzZGFzZA==,0.2977254795826457,abc def
YWRhZGFzZGFzZA==,0.11945370287380896,abc def low_prod
YWRhZGFzZGFzZA==,0.8077272568536689,abc def
YWRhZGFzZGFzZA==,0.8377035657355393,abc def
YWRhZGFzZGFzZA==,0.9526711767121839,abc def
YWRhZGFzZGFzZA==,0.11112462453813032,abc def low_prod
YWRhZGFzZGFzZA==,0.4756033767214761,abc def
YWRhZGFzZGFzZA==,0.7511444934517252,abc def
YWRhZGFzZGFzZA==,0.2251028828409889,abc def low_prod
YWRhZGFzZGFzZA==,0.3316591583217311,abc def
YWRhZGFzZGFzZA==,0.0504761747732988,abc def low_prod
YWRhZGFzZGFzZA==,0.2334214273904036,abc def low_prod
YWRhZGFzZGFzZA==,0.3591733179950882,abc def
YWRhZGFzZGFzZA==,0.35574111795284946,abc def
YWRhZGFzZGFzZA==,0.09458292467957996,abc def low_prod
YWRhZGFzZGFzZA==,0.7080551583153974,abc def
YWRhZGFzZGFzZA==,0.2646861538180524,abc def
YWRhZGFzZGFzZA==,0.529334600704057,abc def
YWRhZGFzZGFzZA==,0.9491952046244989,abc def
YWRhZGFzZGFzZA==,0.2887929590987708,abc def
YWRhZGFzZGFzZA==,0.13330837821320085,abc def low_prod
YWRhZGFzZGFzZA==,0.9670270849112436,abc def
YWRhZGFzZGFzZA==,0.37500351924925923,abc def
YWRhZGFzZGFzZA==,0.5863016966925486,abc def
YWRhZGFzZGFzZA==,0.7793927006035063,abc def
YWRhZGFzZGFzZA==,0.6145282660873765,abc def
YWRhZGFzZGFzZA==,0.125944577812224,abc def low_prod
YWRhZGFzZGFzZA==,0.16783555634364822,abc def low_prod
YWRhZGFzZGFzZA==,0.055919737623473464,abc def low_prod
YWRhZGFzZGFzZA==,0.7077694597725501,abc def
YWRhZGFzZGFzZA==,0.7391110444264503,abc def
YWRhZGFzZGFzZA==,0.39738299624576723,abc def
YWRhZGFzZGFzZA==,0.902986623991002,abc def
YWRhZGFzZGFzZA==,0.8215134371680554,abc def
YWRhZGFzZGFzZA==,0.5222742697511026,abc def
YWRhZGFzZGFzZA==,0.05339582307512192,abc def low_prod
YWRhZGFzZGFzZA==,0.30671162705964117,abc def
YWRhZGFzZGFzZA==,0.4514430981771058,abc def
YWRhZGFzZGFzZA==,0.6812667917167479,abc def
YWRhZGFzZGFzZA==,0.543744673242186,abc def
YWRhZGFzZGFzZA==,0.3953307656013725,abc def
YWRhZGFzZGFzZA==,0.4830662983455988,abc def
YWRhZGFzZGFzZA==,0.8517380627280136,abc def
YWRhZGFzZGFzZA==,0.5768271233785657,abc def
YWRhZGFzZGFzZA==,0.7151348814293218,abc def
YWRhZGFzZGFzZA==,0.5958088341495116,abc def
YWRhZGFzZGFzZA==,0.030144380327751574,abc def low_prod
YWRhZGFzZGFzZA==,0.7059633140353639,abc def
YWRhZGFzZGFzZA==,0.9149196595144508,abc def
YWRhZGFzZGFzZA==,0.19927021179945215,abc def low_prod
YWRhZGFzZGFzZA==,0.31514262201986576,abc def
YWRhZGFzZGFzZA==,0.7621416580207411,abc def
YWRhZGFzZGFzZA==,0.2702025615099698,abc def
YWRhZGFzZGFzZA==,0.5190239175378355,abc def
YWRhZGFzZGFzZA==,0.3850023747782416,abc def
YWRhZGFzZGFzZA==,0.5790740596039592,abc def
YWRhZGFzZGFzZA==,0.5994187825652032,abc def
YWRhZGFzZGFzZA==,0.526862413510596,abc def
YWRhZGFzZGFzZA==,0.7917096050060323,abc def
YWRhZGFzZGFzZA==,0.22450266386822337,abc def low_prod
YWRhZGFzZGFzZA==,0.3420579518840823,abc def
YWRhZGFzZGFzZA==,0.8024929733450339,abc def
YWRhZGFzZGFzZA==,0.866604241902305,abc def
YWRhZGFzZGFzZA==,0.1787829973677042,abc def low_prod
YWRhZGFzZGFzZA==,0.7646666338631087,abc def
YWRhZGFzZGFzZA==,0.7174577030052909,abc def
YWRhZGFzZGFzZA==,0.16768899454630637,abc def low_prod
YWRhZGFzZGFzZA==,0.5095932289689986,abc def
YWRhZGFzZGFzZA==,0.08939044712772104,abc def low_prod
YWRhZGFzZGFzZA==,0.7077909474621669,abc def
YWRhZGFzZGFzZA==,0.7800091233735926,abc def
YWRhZGFzZGFzZA==,0.394434607403941,abc def
YWRhZGFzZGFzZA==,0.20565549951905815,abc def low_prod
YWRhZGFzZGFzZA==,0.563025692466062,abc def
YWRhZGFzZGFzZA==,0.12408045687965386,abc def low_prod
YWRhZGFzZGFzZA==,0.327290245700099,abc def
YWRhZGFzZGFzZA==,0.2668681493824221,abc def
YWRhZGFzZGFzZA==,0.4978476060959067,abc def
YWRhZGFzZGFzZA==,0.1111404322018088,abc def low_prod
YWRhZGFzZGFzZA==,0.197146329461516,abc def low_prod
YWRhZGFzZGFzZA==,0.9119071293226738,abc def
YWRhZGFzZGFzZA==,0.4229778076324142,abc def
YWRhZGFzZGFzZA==,0.6022705255488287,abc def
YWRhZGFzZGFzZA==,0.9944453353778803,abc def
YWRhZGFzZGFzZA==,0.9495079057227521,abc def
YWRhZGFzZGFzZA==,0.7235075039145431,abc def
YWRhZGFzZGFzZA==,0.39408770968705187,abc def
YWRhZGFzZGFzZA==,0.7536270404557843,abc def
YWRhZGFzZGFzZA==,0.16259846223880903,abc def low_prod
YWRhZGFzZGFzZA==,0.8929025666622292,abc def
YWRhZGFzZGFzZA==,0.5383730411241546,abc def
YWRhZGFzZGFzZA==,0.1806053235927204,abc def low_prod
YWRhZGFzZGFzZA==,0.8311935349906093,abc def
YWRhZGFzZGFzZA==,0.46409887281110584,abc def
YWRhZGFzZGFzZA==,0.52642357065472,abc def
YWRhZGFzZGFzZA==,0.9147172565259246,abc def
YWRhZGFzZGFzZA==,0.42388821345555816,abc def
YWRhZGFzZGFzZA==,0.2675950251440168,abc def
YWRhZGFzZGFzZA==,0.5345507339731347,abc def
YWRhZGFzZGFzZA==,0.8378400623230399,abc def
YWRhZGFzZGFzZA==,0.36779726498552323,abc def
YWRhZGFzZGFzZA==,0.10357681243032346,abc def low_prod
YWRhZGFzZGFzZA==,0.4420970732249071,abc def
YWRhZGFzZGFzZA==,0.6430835356926595,abc def
YWRhZGFzZGFzZA==,0.05849674956305251,abc def low_prod
YWRhZGFzZGFzZA==,0.35367813303588247,abc def
YWRhZGFzZGFzZA==,0.26982440932571217,abc def
YWRhZGFzZGFzZA==,0.645421348929954,abc def
YWRhZGFzZGFzZA==,0.2947607114750054,abc def
YWRhZGFzZGFzZA==,0.8163919980258694,abc def
YWRhZGFzZGFzZA==,0.2839094465286768,abc def
YWRhZGFzZGFzZA==,0.4380297066387354,abc def
YWRhZGFzZGFzZA==,0.85591231203922,abc def
YWRhZGFzZGFzZA==,0.3091005062849377,abc def
YWRhZGFzZGFzZA==,0.08930830279243196,abc def low_prod
YWRhZGFzZGFzZA==,0.47415930737680423,abc def
YWRhZGFzZGFzZA==,0.9386322943194652,abc def
YWRhZGFzZGFzZA==,0.09764038544965703,abc def low_prod
YWRhZGFzZGFzZA==,0.9274385917597955,abc def
YWRhZGFzZGFzZA==,0.021824190977102642,abc def low_prod
YWRhZGFzZGFzZA==,0.3151288024715956,abc def
YWRhZGFzZGFzZA==,0.9910290264388822,abc def
YWRhZGFzZGFzZA==,0.0989857907030316,abc def low_prod
YWRhZGFzZGFzZA==,0.25304159325026976,abc def
YWRhZGFzZGFzZA==,0.44054487322888325,abc def
YWRhZGFzZGFzZA==,0.2687873491059627,abc def
YWRhZGFzZGFzZA==,0.6214480190117329,abc def
YWRhZGFzZGFzZA==,0.043283626985384016,abc def low_prod
YWRhZGFzZGFzZA==,0.5438905935376315,abc def
YWRhZGFzZGFzZA==,0.7922841714560455,abc def
YWRhZGFzZGFzZA==,0.06308222343910697,abc def low_prod
YWRhZGFzZGFzZA==,0.7939841859053354,abc def
YWRhZGFzZGFzZA==,0.604054907073064,abc def
YWRhZGFzZGFzZA==,0.16096304208800793,abc def low_prod
YWRhZGFzZGFzZA==,0.2531275662548317,abc def
YWRhZGFzZGFzZA==,0.051722202460850686,abc def low_prod
YWRhZGFzZGFzZA==,0.04931812558237547,abc def low_prod
YWRhZGFzZGFzZA==,0.28575533629716454,abc def
YWRhZGFzZGFzZA==,0.1582953638539747,abc def low_prod
YWRhZGFzZGFzZA==,0.15525097868405957,abc def low_prod
YWRhZGFzZGFzZA==,0.754752767707815,abc def
YWRhZGFzZGFzZA==,0.929780465363479,abc def
YWRhZGFzZGFzZA==,0.5694980624988959,abc def
YWRhZGFzZGFzZA==,0.8515994468223944,abc def
YWRhZGFzZGFzZA==,0.7208572888980996,abc def
YWRhZGFzZGFzZA==,0.9109171319045094,abc def
YWRhZGFzZGFzZA==,0.6488231007861331,abc def
YWRhZGFzZGFzZA==,0.9659348231810774,abc def
YWRhZGFzZGFzZA==,0.9003835033838405,abc def
YWRhZGFzZGFzZA==,0.319650325528383,abc def
YWRhZGFzZGFzZA==,0.3297560375111761,abc def
YWRhZGFzZGFzZA==,0.5627666806972282,abc def
YWRhZGFzZGFzZA==,0.2692966025035649,abc def
YWRhZGFzZGFzZA==,0.008966686192099727,abc def low_prod
YWRhZGFzZGFzZA==,0.5658669016527819,abc def
YWRhZGFzZGFzZA==,0.5019378077051885,abc def
YWRhZGFzZGFzZA==,0.7034916219851235,abc def
YWRhZGFzZGFzZA==,0.8880277416410852,abc def
YWRhZGFzZGFzZA==,0.2523954515057224,abc def
YWRhZGFzZGFzZA==,0.5473261830489291,abc def
YWRhZGFzZGFzZA==,0.3510629479585381,abc def
YWRhZGFzZGFzZA==,0.3288449167688995,abc def
YWRhZGFzZGFzZA==,0.2984988766119039,abc def
YWRhZGFzZGFzZA==,0.08181884192923883,abc def low_prod
YWRhZGFzZGFzZA==,0.14607564214337032,abc def low_prod
YWRhZGFzZGFzZA==,0.4903536237975531,abc def
YWRhZGFzZGFzZA==,0.2686121536398228,abc def
YWRhZGFzZGFzZA==,0.8722985214030596,abc def
YWRhZGFzZGFzZA==,0.07818596804578826,abc def low_prod
YWRhZGFzZGFzZA==,0.9597509540650913,abc def
YWRhZGFzZGFzZA==,0.2754398136925811,abc def
YWRhZGFzZGFzZA==,0.22813013606455612,abc def low_prod
YWRhZGFzZGFzZA==,0.48550009526714366,abc def
YWRhZGFzZGFzZA==,0.9534469356471345,abc def
YWRhZGFzZGFzZA==,0.8099649214319901,abc def
YWRhZGFzZGFzZA==,0.7066591185941233,abc def
YWRhZGFzZGFzZA==,0.6174178024068772,abc def
YWRhZGFzZGFzZA==,0.4053528846208898,abc def
YWRhZGFzZGFzZA==,0.5258230052825237,abc def
YWRhZGFzZGFzZA==,0.4257443485596367,abc def
YWRhZGFzZGFzZA==,0.9630385282016017,abc def
YWRhZGFzZGFzZA==,0.6673926002930077,abc def
YWRhZGFzZGFzZA==,0.5887234227174943,abc def
YWRhZGFzZGFzZA==,0.6535713103949536,abc def
YWRhZGFzZGFzZA==,0.6792152172084344,abc def
YWRhZGFzZGFzZA==,0.654106137712977,abc def
YWRhZGFzZGFzZA==,0.345008542387952,abc def
YWRhZGFzZGFzZA==,0.7440460854670057,abc def
YWRhZGFzZGFzZA==,0.9150565460041605,abc def
YWRhZGFzZGFzZA==,0.44983566547474674,abc def
YWRhZGFzZGFzZA==,0.9859762169209866,abc def
YWRhZGFzZGFzZA==,0.8215493422119474,abc def
YWRhZGFzZGFzZA==,0.3065986620890807,abc def
YWRhZGFzZGFzZA==,0.46372752949422547,abc def
YWRhZGFzZGFzZA==,0.8550312293039799,abc def
YWRhZGFzZGFzZA==,0.6190794414968448,abc def
YWRhZGFzZGFzZA==,0.3026353197105206,abc def
YWRhZGFzZGFzZA==,0.4589214989619089,abc def
YWRhZGFzZGFzZA==,0.6772192163727017,abc def
YWRhZGFzZGFzZA==,0.1472675736685084,abc def low_prod
YWRhZGFzZGFzZA==,0.8967078718786686,abc def
YWRhZGFzZGFzZA==,0.5085175665769446,abc def
YWRhZGFzZGFzZA==,0.37021071273286443,abc def
YWRhZGFzZGFzZA==,0.17923170834546764,abc def low_prod
YWRhZGFzZGFzZA==,0.7989413581656217,abc def
YWRhZGFzZGFzZA==,0.3430637237452806,abc def
YWRhZGFzZGFzZA==,0.19222224112746067,abc def low_prod
YWRhZGFzZGFzZA==,0.8595762340888642,abc def
YWRhZGFzZGFzZA==,0.5073423318029008,abc def
YWRhZGFzZGFzZA==,0.6482673826756317,abc def
YWRhZGFzZGFzZA==,0.9303269446442847,abc def
YWRhZGFzZGFzZA==,0.7093782837791208,abc def
YWRhZGFzZGFzZA==,0.7962554369541561,abc def
YWRhZGFzZGFzZA==,0.4792034907205337,abc def
YWRhZGFzZGFzZA==,0.8218915056553615,abc def
YWRhZGFzZGFzZA==,0.24438924943780593,abc def low_prod
YWRhZGFzZGFzZA==,0.4398670400282062,abc def
YWRhZGFzZGFzZA==,0.5793139889852912,abc def
YWRhZGFzZGFzZA==,0.9013295144810097,abc def
YWRhZGFzZGFzZA==,0.6714001445325751,abc def
YWRhZGFzZGFzZA==,0.845164760993454,abc def
YWRhZGFzZGFzZA==,0.3892926512337117,abc def
YWRhZGFzZGFzZA==,0.05260234008218412,abc def low_prod
YWRhZGFzZGFzZA==,0.034237767756511994,abc def low_prod
YWRhZGFzZGFzZA==,0.256970851240672,abc def
YWRhZGFzZGFzZA==,0.06594639324336049,abc def low_prod
YWRhZGFzZGFzZA==,0.6965746183043864,abc def
YWRhZGFzZGFzZA==,0.9111551489295449,abc def
YWRhZGFzZGFzZA==,0.619968225287319,abc def
YWRhZGFzZGFzZA==,0.9382377852067093,abc def
YWRhZGFzZGFzZA==,0.037982862814915586,abc def low_prod
YWRhZGFzZGFzZA==,0.20888930551589002,abc def low_prod
YWRhZGFzZGFzZA==,0.6027697065753257,abc def
YWRhZGFzZGFzZA==,0.22098875817203267,abc def low_prod
YWRhZGFzZGFzZA==,0.04770654605198388,abc def low_prod
YWRhZGFzZGFzZA==,0.2991940137048983,abc def
YWRhZGFzZGFzZA==,0.7429364432189868,abc def
YWRhZGFzZGFzZA==,0.9304327675812826,abc def
YWRhZGFzZGFzZA==,0.660799788385822,abc def
YWRhZGFzZGFzZA==,0.7800099039922267,abc def
YWRhZGFzZGFzZA==,0.005273816781988794,abc def low_prod
YWRhZGFzZGFzZA==,0.4650290363754529,abc def
YWRhZGFzZGFzZA==,0.7141625308530812,abc def
YWRhZGFzZGFzZA==,0.11279329580823017,abc def low_prod
YWRhZGFzZGFzZA==,0.00328629725193319,abc def low_prod
YWRhZGFzZGFzZA==,0.7485119978634979,abc def
YWRhZGFzZGFzZA==,0.7982626929883225,abc def
YWRhZGFzZGFzZA==,0.6510435537033988,abc def
YWRhZGFzZGFzZA==,0.7784168086635769,abc def
YWRhZGFzZGFzZA==,0.866427816700388,abc def
YWRhZGFzZGFzZA==,0.23792752699477715,abc def low_prod
YWRhZGFzZGFzZA==,0.5400125633142677,abc def
YWRhZGFzZGFzZA==,0.8281149170530345,abc def
YWRhZGFzZGFzZA==,0.9317328830328924,abc def
YWRhZGFzZGFzZA==,0.23833208284863872,abc def low_prod
YWRhZGFzZGFzZA==,0.15674433698550583,abc def low_prod
YWRhZGFzZGFzZA==,0.3700903006342545,abc def
YWRhZGFzZGFzZA==,0.02572116842815153,abc def low_prod
YWRhZGFzZGFzZA==,0.004110294286611915,abc def low_prod
YWRhZGFzZGFzZA==,0.9236421230995395,abc def
YWRhZGFzZGFzZA==,0.1857158174750272,abc def low_prod
YWRhZGFzZGFzZA==,0.6422646778033214,abc def
YWRhZGFzZGFzZA==,0.8887388956574842,abc def
YWRhZGFzZGFzZA==,0.8718973980589854,abc def
YWRhZGFzZGFzZA==,0.7754164458998825,abc def
YWRhZGFzZGFzZA==,0.14086700389306162,abc def low_prod
YWRhZGFzZGFzZA==,0.5513916950643484,abc def
YWRhZGFzZGFzZA==,0.1462862149840647,abc def low_prod
YWRhZGFzZGFzZA==,0.5311127423122958,abc def
YWRhZGFzZGFzZA==,0.7657140018459724,abc def
YWRhZGFzZGFzZA==,0.04423276075723803,abc def low_prod
YWRhZGFzZGFzZA==,0.348454473871743,abc def
YWRhZGFzZGFzZA==,0.8652184710748856,abc def
YWRhZGFzZGFzZA==,0.06448341485152254,abc def low_prod
YWRhZGFzZGFzZA==,0.13925622582551256,abc def low_prod
YWRhZGFzZGFzZA==,0.4682626987289419,abc def
YWRhZGFzZGFzZA==,0.5310618251600354,abc def
YWRhZGFzZGFzZA==,0.30792516336414866,abc def
YWRhZGFzZGFzZA==,0.5108561809966667,abc def
YWRhZGFzZGFzZA==,0.045758841078003765,abc def low_prod
YWRhZGFzZGFzZA==,0.44885851099440477,abc def
YWRhZGFzZGFzZA==,0.43144672874207346,abc def
YWRhZGFzZGFzZA==,0.41971609232439355,abc def
YWRhZGFzZGFzZA==,0.03641729136019778,abc def low_prod
YWRhZGFzZGFzZA==,0.37192025185098754,abc def
YWRhZGFzZGFzZA==,0.7719916553785888,abc def
YWRhZGFzZGFzZA==,0.5118704482410759,abc def
YWRhZGFzZGFzZA==,0.014798574542535858,abc def low_prod
YWRhZGFzZGFzZA==,0.5449349997908055,abc def
YWRhZGFzZGFzZA==,0.5245041168597365,abc def
YWRhZGFzZGFzZA==,0.9899571762270742,abc def
YWRhZGFzZGFzZA==,0.8676786024173531,abc def
YWRhZGFzZGFzZA==,0.179905920640972,abc def low_prod
YWRhZGFzZGFzZA==,0.6222259712437909,abc def
YWRhZGFzZGFzZA==,0.925090017444344,abc def
YWRhZGFzZGFzZA==,0.8887684053526879,abc def
YWRhZGFzZGFzZA==,0.32930212868806763,abc def
YWRhZGFzZGFzZA==,0.5023392372083604,abc def
YWRhZGFzZGFzZA==,0.6490000688318486,abc def
YWRhZGFzZGFzZA==,0.1050750767799522,abc def low_prod
YWRhZGFzZGFzZA==,0.1789280240822284,abc def low_prod
YWRhZGFzZGFzZA==,0.9976209861186305,abc def
YWRhZGFzZGFzZA==,0.8177483816053214,abc def
YWRhZGFzZGFzZA==,0.20036446383516693,abc def low_prod
YWRhZGFzZGFzZA==,0.5492403080748673,abc def
YWRhZGFzZGFzZA==,0.05158668738976879,abc def low_prod
YWRhZGFzZGFzZA==,0.7119499026008199,abc def
YWRhZGFzZGFzZA==,0.8320032588870719,abc def
YWRhZGFzZGFzZA==,0.1910313093309437,abc def low_prod
YWRhZGFzZGFzZA==,0.7966507103179168,abc def
YWRhZGFzZGFzZA==,0.6722652134057947,abc def
YWRhZGFzZGFzZA==,0.17756206583184997,abc def low_prod
YWRhZGFzZGFzZA==,0.21474814268292197,abc def low_prod
YWRhZGFzZGFzZA==,0.7186228610071727,abc def
YWRhZGFzZGFzZA==,0.34774792362359486,abc def
YWRhZGFzZGFzZA==,0.47993260583611774,abc def
YWRhZGFzZGFzZA==,0.11321150424377369,abc def low_prod
YWRhZGFzZGFzZA==,0.10759295937930813,abc def low_prod
YWRhZGFzZGFzZA==,0.7126569857906714,abc def
YWRhZGFzZGFzZA==,0.7530312517484324,abc def
YWRhZGFzZGFzZA==,0.47057669733758667,abc def
YWRhZGFzZGFzZA==,0.04966291404488765,abc def low_prod
YWRhZGFzZGFzZA==,0.9341909529391152,abc def
YWRhZGFzZGFzZA==,0.117592368807387,abc def low_prod
YWRhZGFzZGFzZA==,0.3872928909913005,abc def
YWRhZGFzZGFzZA==,0.38883006031801703,abc def
YWRhZGFzZGFzZA==,0.662984282719896,abc def
YWRhZGFzZGFzZA==,0.8814236351850427,abc def
YWRhZGFzZGFzZA==,0.22916326345354787,abc def low_prod
YWRhZGFzZGFzZA==,0.6422457544465235,abc def
YWRhZGFzZGFzZA==,0.16484505876264421,abc def low_prod
YWRhZGFzZGFzZA==,0.4952911691528018,abc def
YWRhZGFzZGFzZA==,0.3716080686023262,abc def
YWRhZGFzZGFzZA==,0.2180827297657899,abc def low_prod
YWRhZGFzZGFzZA==,0.35881881973625385,abc def
YWRhZGFzZGFzZA==,0.7938137165667074,abc def
YWRhZGFzZGFzZA==,0.9453821336874235,abc def
YWRhZGFzZGFzZA==,0.40208250180769045,abc def
YWRhZGFzZGFzZA==,0.18578634244919556,abc def low_prod
YWRhZGFzZGFzZA==,0.06414756703770363,abc def low_prod
YWRhZGFzZGFzZA==,0.7534770263624226,abc def
YWRhZGFzZGFzZA==,0.41811241181196523,abc def
YWRhZGFzZGFzZA==,0.07907927236517187,abc def low_prod
YWRhZGFzZGFzZA==,0.5619663636746138,abc def
YWRhZGFzZGFzZA==,0.3567951296574202,abc def
YWRhZGFzZGFzZA==,0.73366610390443,abc def
YWRhZGFzZGFzZA==,0.19754357213334728,abc def low_prod
YWRhZGFzZGFzZA==,0.8939997568441163,abc def
YWRhZGFzZGFzZA==,0.05968964060151383,abc def low_prod
YWRhZGFzZGFzZA==,0.1900087221891218,abc def low_prod
YWRhZGFzZGFzZA==,0.5660848195565086,abc def
YWRhZGFzZGFzZA==,0.5196051775156897,abc def
YWRhZGFzZGFzZA==,0.4310677003731891,abc def
YWRhZGFzZGFzZA==,0.8324068439498041,abc def
YWRhZGFzZGFzZA==,0.7649730989956055,abc def
YWRhZGFzZGFzZA==,0.7555971660879383,abc def
YWRhZGFzZGFzZA==,0.9719934913417739,abc def
YWRhZGFzZGFzZA==,0.9649064103349452,abc def
YWRhZGFzZGFzZA==,0.22099390751422932,abc def low_prod
YWRhZGFzZGFzZA==,0.21092252215191298,abc def low_prod
YWRhZGFzZGFzZA==,0.7348115416341295,abc def
YWRhZGFzZGFzZA==,0.14949407172166018,abc def low_prod
YWRhZGFzZGFzZA==,0.030051071109648886,abc def low_prod
YWRhZGFzZGFzZA==,0.22284303425801266,abc def low_prod
YWRhZGFzZGFzZA==,0.5883141265059577,abc def
YWRhZGFzZGFzZA==,0.8383253604527611,abc def
YWRhZGFzZGFzZA==,0.9465216999288366,abc def
YWRhZGFzZGFzZA==,0.14191166939524424,abc def low_prod
YWRhZGFzZGFzZA==,0.4598620873099484,abc def
YWRhZGFzZGFzZA==,0.39249607283330834,abc def
YWRhZGFzZGFzZA==,0.07448336338731054,abc def low_prod
YWRhZGFzZGFzZA==,0.8617037136638667,abc def
YWRhZGFzZGFzZA==,0.8580798844892374,abc def
YWRhZGFzZGFzZA==,0.3312492970123253,abc def
YWRhZGFzZGFzZA==,0.613993319837681,abc def
YWRhZGFzZGFzZA==,0.729943105080647,abc def
YWRhZGFzZGFzZA==,0.8758747262395041,abc def
YWRhZGFzZGFzZA==,0.7624307847118806,abc def
YWRhZGFzZGFzZA==,0.04675256972440933,abc def low_prod
YWRhZGFzZGFzZA==,0.17063400390972427,abc def low_prod
YWRhZGFzZGFzZA==,0.16758939450632804,abc def low_prod
YWRhZGFzZGFzZA==,0.21391671760256836,abc def low_prod
YWRhZGFzZGFzZA==,0.028977061844525975,abc def low_prod
YWRhZGFzZGFzZA==,0.702744361406708,abc def
YWRhZGFzZGFzZA==,0.4666505309605534,abc def
YWRhZGFzZGFzZA==,0.6031426943880798,abc def
YWRhZGFzZGFzZA==,0.4615798891558157,abc def
YWRhZGFzZGFzZA==,0.24239579212652118,abc def low_prod
YWRhZGFzZGFzZA==,0.9209404129994675,abc def
YWRhZGFzZGFzZA==,0.13146377305210188,abc def low_prod
YWRhZGFzZGFzZA==,0.24342098319779149,abc def low_prod
YWRhZGFzZGFzZA==,0.850720929248134,abc def
YWRhZGFzZGFzZA==,0.6691410008507448,abc def
YWRhZGFzZGFzZA==,0.6083946197373413,abc def
YWRhZGFzZGFzZA==,0.9496035280573101,abc def
YWRhZGFzZGFzZA==,0.3668982889716146,abc def
YWRhZGFzZGFzZA==,0.16820104824306203,abc def low_prod
YWRhZGFzZGFzZA==,0.7753019915401287,abc def
YWRhZGFzZGFzZA==,0.5780899263423013,abc def
YWRhZGFzZGFzZA==,0.2797767756198386,abc def
YWRhZGFzZGFzZA==,0.6845067578336238,abc def
YWRhZGFzZGFzZA==,0.47365094974267397,abc def
YWRhZGFzZGFzZA==,0.1151965259429677,abc def low_prod
YWRhZGFzZGFzZA==,0.5776030459108241,abc def
YWRhZGFzZGFzZA==,0.8204159153027188,abc def
YWRhZGFzZGFzZA==,0.11546762125640186,abc def low_prod
YWRhZGFzZGFzZA==,0.06982106198489813,abc def low_prod
YWRhZGFzZGFzZA==,0.8927189623339955,abc def
YWRhZGFzZGFzZA==,0.441508493000236,abc def
YWRhZGFzZGFzZA==,0.04700735569866177,abc def low_prod
YWRhZGFzZGFzZA==,0.4192124810368696,abc def
YWRhZGFzZGFzZA==,0.6225972462904721,abc def
YWRhZGFzZGFzZA==,0.858832555500631,abc def
YWRhZGFzZGFzZA==,0.7524221226371559,abc def
YWRhZGFzZGFzZA==,0.9525344731795695,abc def
YWRhZGFzZGFzZA==,0.08724585487134162,abc def low_prod
YWRhZGFzZGFzZA==,0.07536337291839246,abc def low_prod
YWRhZGFzZGFzZA==,0.22615692943066046,abc def low_prod
YWRhZGFzZGFzZA==,0.29777032311325846,abc def
YWRhZGFzZGFzZA==,0.9509838392437899,abc def
YWRhZGFzZGFzZA==,0.1460869554203671,abc def low_prod
YWRhZGFzZGFzZA==,0.729292733695085,abc def
YWRhZGFzZGFzZA==,0.30283588656602345,abc def
YWRhZGFzZGFzZA==,0.42903871913864633,abc def
YWRhZGFzZGFzZA==,0.12020133244777742,abc def low_prod
YWRhZGFzZGFzZA==,0.6314815741620229,abc def
YWRhZGFzZGFzZA==,0.32761818951705846,abc def
YWRhZGFzZGFzZA==,0.17811117795067777,abc def low_prod
YWRhZGFzZGFzZA==,0.8943831735564214,abc def
YWRhZGFzZGFzZA==,0.3771226548439245,abc def
YWRhZGFzZGFzZA==,0.10472652113456293,abc def low_prod
YWRhZGFzZGFzZA==,0.38871347133213596,abc def
YWRhZGFzZGFzZA==,0.9236296257163525,abc def
YWRhZGFzZGFzZA==,0.09229363608422769,abc def low_prod
YWRhZGFzZGFzZA==,0.870660912124044,abc def
YWRhZGFzZGFzZA==,0.10410554851001863,abc def low_prod
YWRhZGFzZGFzZA==,0.6226983735380385,abc def
YWRhZGFzZGFzZA==,0.002269388268603234,abc def low_prod
YWRhZGFzZGFzZA==,0.6763585943157086,abc def
YWRhZGFzZGFzZA==,0.8738768630770678,abc def
YWRhZGFzZGFzZA==,0.4740192355849735,abc def
YWRhZGFzZGFzZA==,0.6033017131393604,abc def
YWRhZGFzZGFzZA==,0.005319746051968499,abc def low_prod
YWRhZGFzZGFzZA==,0.6409593272311882,abc def
YWRhZGFzZGFzZA==,0.7157094069995572,abc def
YWRhZGFzZGFzZA==,0.7371697421696555,abc def
YWRhZGFzZGFzZA==,0.8119330722862481,abc def
YWRhZGFzZGFzZA==,0.3231240687380318,abc def
YWRhZGFzZGFzZA==,0.0027490933858509425,abc def low_prod
YWRhZGFzZGFzZA==,0.6977909400496589,abc def
YWRhZGFzZGFzZA==,0.051062343115476305,abc def low_prod
YWRhZGFzZGFzZA==,0.5100825385986585,abc def
YWRhZGFzZGFzZA==,0.5167178152182473,abc def
YWRhZGFzZGFzZA==,0.9309203339868682,abc def
YWRhZGFzZGFzZA==,0.5023240280075827,abc def
YWRhZGFzZGFzZA==,0.6214989978540673,abc def
YWRhZGFzZGFzZA==,0.5979724322821262,abc def
YWRhZGFzZGFzZA==,0.5742771418211423,abc def
YWRhZGFzZGFzZA==,0.7250605469153527,abc def
YWRhZGFzZGFzZA==,0.3593879826546892,abc def
YWRhZGFzZGFzZA==,0.9425806514618253,abc def
YWRhZGFzZGFzZA==,0.0017238838366799847,abc def low_prod
YWRhZGFzZGFzZA==,0.8163144016122067,abc def
YWRhZGFzZGFzZA==,0.23857279931671627,abc def low_prod
YWRhZGFzZGFzZA==,0.6247864903257279,abc def
YWRhZGFzZGFzZA==,0.024702782451679894,abc def low_prod
YWRhZGFzZGFzZA==,0.5744339472751534,abc def
YWRhZGFzZGFzZA==,0.7738339225442293,abc def
YWRhZGFzZGFzZA==,0.9895366188581327,abc def
YWRhZGFzZGFzZA==,0.4306189913392713,abc def
YWRhZGFzZGFzZA==,0.30680317938990975,abc def
YWRhZGFzZGFzZA==,0.6366761196646399,abc def
YWRhZGFzZGFzZA==,0.531639730156579,abc def
YWRhZGFzZGFzZA==,0.10333598008479128,abc def low_prod
YWRhZGFzZGFzZA==,0.59572267102017,abc def
YWRhZGFzZGFzZA==,0.5888176743224824,abc def
YWRhZGFzZGFzZA==,0.19256395972543972,abc def low_prod
YWRhZGFzZGFzZA==,0.8186491405309335,abc def
YWRhZGFzZGFzZA==,0.12912625758663365,abc def low_prod
YWRhZGFzZGFzZA==,0.6823626617345377,abc def
YWRhZGFzZGFzZA==,0.9780544103211315,abc def
YWRhZGFzZGFzZA==,0.03574218455504696,abc def low_prod
YWRhZGFzZGFzZA==,0.23400631437041497,abc def low_prod
YWRhZGFzZGFzZA==,0.16721024673923368,abc def low_prod
YWRhZGFzZGFzZA==,0.24058686078546287,abc def low_prod
YWRhZGFzZGFzZA==,0.22024562230405653,abc def low_prod
YWRhZGFzZGFzZA==,0.6607398362732222,abc def
YWRhZGFzZGFzZA==,0.191656896180459,abc def low_prod
YWRhZGFzZGFzZA==,0.8791201129552618,abc def
YWRhZGFzZGFzZA==,0.8626351613353326,abc def
YWRhZGFzZGFzZA==,0.6846210557521115,abc def
YWRhZGFzZGFzZA==,0.07720262613065354,abc def low_prod
YWRhZGFzZGFzZA==,0.7857211660689114,abc def
YWRhZGFzZGFzZA==,0.9625759676558605,abc def
YWRhZGFzZGFzZA==,0.34815675556696324,abc def
YWRhZGFzZGFzZA==,0.5758206514598394,abc def
YWRhZGFzZGFzZA==,0.6049930386175593,abc def
YWRhZGFzZGFzZA==,0.3324931222063847,abc def
YWRhZGFzZGFzZA==,0.7628191504029046,abc def
YWRhZGFzZGFzZA==,0.7654941647173313,abc def
YWRhZGFzZGFzZA==,0.04182140329468986,abc def low_prod
YWRhZGFzZGFzZA==,0.8235837355822013,abc def
YWRhZGFzZGFzZA==,0.08017762455042987,abc def low_prod
YWRhZGFzZGFzZA==,0.2889929771883294,abc def
YWRhZGFzZGFzZA==,0.364355596660493,abc def
YWRhZGFzZGFzZA==,0.719200898434674,abc def
YWRhZGFzZGFzZA==,0.09712987272226536,abc def low_prod
YWRhZGFzZGFzZA==,0.7399680917767801,abc def
YWRhZGFzZGFzZA==,0.6421272933274548,abc def
YWRhZGFzZGFzZA==,0.12195086365543484,abc def low_prod
YWRhZGFzZGFzZA==,0.6842123301629939,abc def
YWRhZGFzZGFzZA==,0.24318462036693322,abc def low_prod
YWRhZGFzZGFzZA==,0.456911587801317,abc def
YWRhZGFzZGFzZA==,0.6026658735841984,abc def
YWRhZGFzZGFzZA==,0.3534168973117282,abc def
YWRhZGFzZGFzZA==,0.44754391723368026,abc def
YWRhZGFzZGFzZA==,0.9900481035734943,abc def
YWRhZGFzZGFzZA==,0.5721845354933414,abc def
YWRhZGFzZGFzZA==,0.12617965295164246,abc def low_prod
YWRhZGFzZGFzZA==,0.729062877997305,abc def
YWRhZGFzZGFzZA==,0.801326045191026,abc def
YWRhZGFzZGFzZA==,0.7481935965277177,abc def
YWRhZGFzZGFzZA==,0.7888227810562103,abc def
YWRhZGFzZGFzZA==,0.9190589243101487,abc def
YWRhZGFzZGFzZA==,0.5918210149549089,abc def
YWRhZGFzZGFzZA==,0.4674293600208371,abc def
YWRhZGFzZGFzZA==,0.8992675144523294,abc def
YWRhZGFzZGFzZA==,0.285510963069884,abc def
YWRhZGFzZGFzZA==,0.29276090127408083,abc def
YWRhZGFzZGFzZA==,0.33449335655007606,abc def
YWRhZGFzZGFzZA==,0.12197309667017198,abc def low_prod
YWRhZGFzZGFzZA==,0.24609933816833907,abc def low_prod
YWRhZGFzZGFzZA==,0.5644466072854127,abc def
YWRhZGFzZGFzZA==,0.34389597677759476,abc def
YWRhZGFzZGFzZA==,0.988387498601714,abc def
YWRhZGFzZGFzZA==,0.769038951432153,abc def
YWRhZGFzZGFzZA==,0.42642482348977095,abc def
YWRhZGFzZGFzZA==,0.38487357359008423,abc def
YWRhZGFzZGFzZA==,0.046077640486223204,abc def low_prod
YWRhZGFzZGFzZA==,0.19896111113045045,abc def low_prod
YWRhZGFzZGFzZA==,0.4587809372532262,abc def
YWRhZGFzZGFzZA==,0.08666668301455549,abc def low_prod
YWRhZGFzZGFzZA==,0.5084102008661017,abc def
YWRhZGFzZGFzZA==,0.5923236763824711,abc def
YWRhZGFzZGFzZA==,0.0012877623558055218,abc def low_prod
YWRhZGFzZGFzZA==,0.9333782665821951,abc def
YWRhZGFzZGFzZA==,0.5791795988667607,abc def
YWRhZGFzZGFzZA==,0.7452842771099082,abc def
YWRhZGFzZGFzZA==,0.2732204070878317,abc def
YWRhZGFzZGFzZA==,0.10512348523810733,abc def low_prod
YWRhZGFzZGFzZA==,0.45901344006296485,abc def
YWRhZGFzZGFzZA==,0.018100753172883843,abc def low_prod
YWRhZGFzZGFzZA==,0.24889444755969747,abc def low_prod
YWRhZGFzZGFzZA==,0.744854793136617,abc def
YWRhZGFzZGFzZA==,0.4337385896452509,abc def
YWRhZGFzZGFzZA==,0.06729314938413988,abc def low_prod
YWRhZGFzZGFzZA==,0.6991827097341666,abc def
YWRhZGFzZGFzZA==,0.8413106725376857,abc def
YWRhZGFzZGFzZA==,0.6288872432411278,abc def
YWRhZGFzZGFzZA==,0.9618242531855105,abc def
YWRhZGFzZGFzZA==,0.6101914277503669,abc def
YWRhZGFzZGFzZA==,0.08765419414913789,abc def low_prod
YWRhZGFzZGFzZA==,0.28481992951232027,abc def
YWRhZGFzZGFzZA==,0.09527044868832468,abc def low_prod
YWRhZGFzZGFzZA==,0.23099433212689446,abc def low_prod
YWRhZGFzZGFzZA==,0.9695341566731883,abc def
YWRhZGFzZGFzZA==,0.040115584928740566,abc def low_prod
YWRhZGFzZGFzZA==,0.5322973016189849,abc def
YWRhZGFzZGFzZA==,0.6670708866853803,abc def
YWRhZGFzZGFzZA==,0.3797673147874272,abc def
YWRhZGFzZGFzZA==,0.13935482431020707,abc def low_prod
YWRhZGFzZGFzZA==,0.04738486838843359,abc def low_prod
YWRhZGFzZGFzZA==,0.11168146474364238,abc def low_prod
YWRhZGFzZGFzZA==,0.6589411032524549,abc def
YWRhZGFzZGFzZA==,0.18620319328578883,abc def low_prod
YWRhZGFzZGFzZA==,0.7999772123285097,abc def
YWRhZGFzZGFzZA==,0.4798268479026596,abc def
YWRhZGFzZGFzZA==,0.2431052715635198,abc def low_prod
YWRhZGFzZGFzZA==,0.6415574848051246,abc def
YWRhZGFzZGFzZA==,0.5554876388066151,abc def
YWRhZGFzZGFzZA==,0.9460795762537653,abc def
YWRhZGFzZGFzZA==,0.9335201528545095,abc def
YWRhZGFzZGFzZA==,0.07046783638366028,abc def low_prod
YWRhZGFzZGFzZA==,0.11008699843923331,abc def low_prod
YWRhZGFzZGFzZA==,0.4867963544556827,abc def
YWRhZGFzZGFzZA==,0.5279186876027787,abc def
YWRhZGFzZGFzZA==,0.5174242688494024,abc def
YWRhZGFzZGFzZA==,0.4205095495300384,abc def
YWRhZGFzZGFzZA==,0.3476618566670071,abc def
YWRhZGFzZGFzZA==,0.25686356363750396,abc def
YWRhZGFzZGFzZA==,0.7722544604080452,abc def
YWRhZGFzZGFzZA==,0.606876306113757,abc def
YWRhZGFzZGFzZA==,0.37356908842381054,abc def
YWRhZGFzZGFzZA==,0.5443936833095232,abc def
YWRhZGFzZGFzZA==,0.45677815194700866,abc def
YWRhZGFzZGFzZA==,0.958350536748469,abc def
YWRhZGFzZGFzZA==,0.3394046167275627,abc def
YWRhZGFzZGFzZA==,0.5352453278046164,abc def
YWRhZGFzZGFzZA==,0.8062755967821359,abc def
YWRhZGFzZGFzZA==,0.40680408530712187,abc def
YWRhZGFzZGFzZA==,0.08232870029530148,abc def low_prod
YWRhZGFzZGFzZA==,0.3189694427724201,abc def
YWRhZGFzZGFzZA==,0.6782764163868322,abc def
YWRhZGFzZGFzZA==,0.004722669143221281,abc def low_prod
YWRhZGFzZGFzZA==,0.8860001770579525,abc def
YWRhZGFzZGFzZA==,0.1781472892524083,abc def low_prod
YWRhZGFzZGFzZA==,0.8721873540382472,abc def
YWRhZGFzZGFzZA==,0.2564836455481727,abc def
YWRhZGFzZGFzZA==,0.11246308836485708,abc def low_prod
YWRhZGFzZGFzZA==,0.11272307234855172,abc def low_prod
YWRhZGFzZGFzZA==,0.6195571999366063,abc def
YWRhZGFzZGFzZA==,0.407886433406664,abc def
YWRhZGFzZGFzZA==,0.42942784908540843,abc def
YWRhZGFzZGFzZA==,0.4792545993173828,abc def
YWRhZGFzZGFzZA==,0.2637452894777286,abc def
YWRhZGFzZGFzZA==,0.4669887970378692,abc def
YWRhZGFzZGFzZA==,0.5817744682319183,abc def
YWRhZGFzZGFzZA==,0.4143916466426134,abc def
YWRhZGFzZGFzZA==,0.3183950832727577,abc def
YWRhZGFzZGFzZA==,0.017365021428583316,abc def low_prod
YWRhZGFzZGFzZA==,0.7927557756538239,abc def
YWRhZGFzZGFzZA==,0.8755615542318986,abc def
YWRhZGFzZGFzZA==,0.0017909173589428784,abc def low_prod
YWRhZGFzZGFzZA==,0.7156857539569653,abc def
YWRhZGFzZGFzZA==,0.09352709409085491,abc def low_prod
YWRhZGFzZGFzZA==,0.5363573046913782,abc def
YWRhZGFzZGFzZA==,0.09064596960624671,abc def low_prod
YWRhZGFzZGFzZA==,0.5140686704904681,abc def
YWRhZGFzZGFzZA==,0.2143534077549315,abc def low_prod
YWRhZGFzZGFzZA==,0.9084049167287219,abc def
YWRhZGFzZGFzZA==,0.9819720714083776,abc def
YWRhZGFzZGFzZA==,0.7955413786095957,abc def
YWRhZGFzZGFzZA==,0.35663496532998673,abc def
YWRhZGFzZGFzZA==,0.6507606289462546,abc def
YWRhZGFzZGFzZA==,0.0332554920605268,abc def low_prod
YWRhZGFzZGFzZA==,0.9978705652463866,abc def
YWRhZGFzZGFzZA==,0.13997285125115622,abc def low_prod
YWRhZGFzZGFzZA==,0.02154402419375745,abc def low_prod
YWRhZGFzZGFzZA==,0.04631772421689451,abc def low_prod
YWRhZGFzZGFzZA==,0.7890048379248142,abc def
YWRhZGFzZGFzZA==,0.6222406446987694,abc def
YWRhZGFzZGFzZA==,0.4369614759812419,abc def
YWRhZGFzZGFzZA==,0.1469669642786634,abc def low_prod
YWRhZGFzZGFzZA==,0.01015865504462743,abc def low_prod
YWRhZGFzZGFzZA==,0.9483951794347127,abc def
YWRhZGFzZGFzZA==,0.47656608255632726,abc def
YWRhZGFzZGFzZA==,0.6163570764586173,abc def
YWRhZGFzZGFzZA==,0.26968305607711807,abc def
YWRhZGFzZGFzZA==,0.4043463127037843,abc def
YWRhZGFzZGFzZA==,0.3484052011222064,abc def
YWRhZGFzZGFzZA==,0.8753595452108841,abc def
YWRhZGFzZGFzZA==,0.27954318012502033,abc def
YWRhZGFzZGFzZA==,0.93369082003796,abc def
YWRhZGFzZGFzZA==,0.6757607974014218,abc def
YWRhZGFzZGFzZA==,0.7204041021678134,abc def
YWRhZGFzZGFzZA==,0.36173208706767623,abc def
YWRhZGFzZGFzZA==,0.23339678793745278,abc def low_prod
YWRhZGFzZGFzZA==,0.4623751368542336,abc def
YWRhZGFzZGFzZA==,0.4212224003721702,abc def
YWRhZGFzZGFzZA==,0.5480976097897176,abc def
YWRhZGFzZGFzZA==,0.6051681594415579,abc def
YWRhZGFzZGFzZA==,0.8282061563939755,abc def
YWRhZGFzZGFzZA==,0.8565009692762584,abc def
YWRhZGFzZGFzZA==,0.07242738287367267,abc def low_prod
YWRhZGFzZGFzZA==,0.6447570573539987,abc def
YWRhZGFzZGFzZA==,0.40880374666006913,abc def
YWRhZGFzZGFzZA==,0.8844621646893857,abc def
YWRhZGFzZGFzZA==,0.19122329418816741,abc def low_prod
YWRhZGFzZGFzZA==,0.24942673710361174,abc def low_prod
YWRhZGFzZGFzZA==,0.7848648017407088,abc def
YWRhZGFzZGFzZA==,0.2506722167088187,abc def
YWRhZGFzZGFzZA==,0.9207903103079721,abc def
YWRhZGFzZGFzZA==,0.4515694623448634,abc def
YWRhZGFzZGFzZA==,0.33697002252336394,abc def
YWRhZGFzZGFzZA==,0.42188584795439754,abc def
YWRhZGFzZGFzZA==,0.741350610164342,abc def
YWRhZGFzZGFzZA==,0.7027130862599501,abc def
YWRhZGFzZGFzZA==,0.2257767851912823,abc def low_prod
YWRhZGFzZGFzZA==,0.975187297092909,abc def
YWRhZGFzZGFzZA==,0.38298054097742984,abc def
YWRhZGFzZGFzZA==,0.259860507227788,abc def
YWRhZGFzZGFzZA==,0.14582026768015155,abc def low_prod
YWRhZGFzZGFzZA==,0.7792932350577016,abc def
YWRhZGFzZGFzZA==,0.030388273798716003,abc def low_prod
YWRhZGFzZGFzZA==,0.1524121286313369,abc def low_prod
YWRhZGFzZGFzZA==,0.7765731414137022,abc def
YWRhZGFzZGFzZA==,0.8640418603690898,abc def
YWRhZGFzZGFzZA==,0.2526336419384584,abc def
YWRhZGFzZGFzZA==,0.8277411670031161,abc def
YWRhZGFzZGFzZA==,0.12337078084505326,abc def low_prod
YWRhZGFzZGFzZA==,0.4067366325049281,abc def
YWRhZGFzZGFzZA==,0.9104805053471833,abc def
YWRhZGFzZGFzZA==,0.0569323479658862,abc def low_prod
YWRhZGFzZGFzZA==,0.9895310611515812,abc def
YWRhZGFzZGFzZA==,0.5325526274775969,abc def
YWRhZGFzZGFzZA==,0.9277943076504517,abc def
YWRhZGFzZGFzZA==,0.9644871300585901,abc def
YWRhZGFzZGFzZA==,0.6945905068579832,abc def
YWRhZGFzZGFzZA==,0.6757959560449056,abc def
YWRhZGFzZGFzZA==,0.41441215680284404,abc def
YWRhZGFzZGFzZA==,0.5819920297831755,abc def
YWRhZGFzZGFzZA==,0.6477658899090707,abc def
YWRhZGFzZGFzZA==,0.3335644635515951,abc def
YWRhZGFzZGFzZA==,0.28006262968138596,abc def
YWRhZGFzZGFzZA==,0.4478723354984959,abc def
YWRhZGFzZGFzZA==,0.8504262346088877,abc def
YWRhZGFzZGFzZA==,0.5458746861120056,abc def
YWRhZGFzZGFzZA==,0.28506854648906477,abc def
YWRhZGFzZGFzZA==,0.20025042320025288,abc def low_prod
YWRhZGFzZGFzZA==,0.4527585257129314,abc def
YWRhZGFzZGFzZA==,0.3149295756581657,abc def
YWRhZGFzZGFzZA==,0.6202918686649302,abc def
YWRhZGFzZGFzZA==,0.8398547641054174,abc def
YWRhZGFzZGFzZA==,0.84021053255685,abc def
YWRhZGFzZGFzZA==,0.7173243568721965,abc def
YWRhZGFzZGFzZA==,0.3429025342265276,abc def
YWRhZGFzZGFzZA==,0.19285391218680392,abc def low_prod
YWRhZGFzZGFzZA==,0.3491938372692992,abc def
YWRhZGFzZGFzZA==,0.5095988727115234,abc def
YWRhZGFzZGFzZA==,0.7195576768202212,abc def
YWRhZGFzZGFzZA==,0.3980648444336614,abc def
YWRhZGFzZGFzZA==,0.039616790212050335,abc def low_prod
YWRhZGFzZGFzZA==,0.009841203898705464,abc def low_prod
YWRhZGFzZGFzZA==,0.6232399621680975,abc def
YWRhZGFzZGFzZA==,0.6139318124799436,abc def
YWRhZGFzZGFzZA==,0.9840357428039086,abc def
YWRhZGFzZGFzZA==,0.6235340613927641,abc def
YWRhZGFzZGFzZA==,0.6616036869442059,abc def
YWRhZGFzZGFzZA==,0.8256608147226626,abc def
YWRhZGFzZGFzZA==,0.343391746334364,abc def
YWRhZGFzZGFzZA==,0.2650561272885349,abc def
YWRhZGFzZGFzZA==,0.21189484813669468,abc def low_prod
YWRhZGFzZGFzZA==,0.2676000366871093,abc def
YWRhZGFzZGFzZA==,0.7430762207398579,abc def
YWRhZGFzZGFzZA==,0.022992166502203815,abc def low_prod
YWRhZGFzZGFzZA==,0.39754999517478307,abc def
YWRhZGFzZGFzZA==,0.785973380630057,abc def
YWRhZGFzZGFzZA==,0.20936275278670047,abc def low_prod
YWRhZGFzZGFzZA==,0.8361325659168342,abc def
YWRhZGFzZGFzZA==,0.3035224786047569,abc def
YWRhZGFzZGFzZA==,0.056802232126012764,abc def low_prod
YWRhZGFzZGFzZA==,0.4361757094376274,abc def
YWRhZGFzZGFzZA==,0.7512223463612372,abc def
YWRhZGFzZGFzZA==,0.6249592202981578,abc def
YWRhZGFzZGFzZA==,0.6701919924136445,abc def
YWRhZGFzZGFzZA==,0.5624906936190093,abc def
YWRhZGFzZGFzZA==,0.24180044319123728,abc def low_prod
YWRhZGFzZGFzZA==,0.01489157558070131,abc def low_prod
YWRhZGFzZGFzZA==,0.6601870632803255,abc def
YWRhZGFzZGFzZA==,0.6770566142493106,abc def
YWRhZGFzZGFzZA==,0.27241493686043416,abc def
YWRhZGFzZGFzZA==,0.8902108640006275,abc def
YWRhZGFzZGFzZA==,0.25357710980694015,abc def
YWRhZGFzZGFzZA==,0.6167473672028934,abc def
YWRhZGFzZGFzZA==,0.9150029750283366,abc def
YWRhZGFzZGFzZA==,0.32385195166897596,abc def
YWRhZGFzZGFzZA==,0.18877341800377911,abc def low_prod
YWRhZGFzZGFzZA==,0.9925343130835315,abc def
YWRhZGFzZGFzZA==,0.34303561109527747,abc def
YWRhZGFzZGFzZA==,0.14097164998447986,abc def low_prod
YWRhZGFzZGFzZA==,0.2658780835966432,abc def
YWRhZGFzZGFzZA==,0.9925491814837855,abc def
YWRhZGFzZGFzZA==,0.259452614483229,abc def
YWRhZGFzZGFzZA==,0.8984347159816078,abc def
YWRhZGFzZGFzZA==,0.6370809079193818,abc def
YWRhZGFzZGFzZA==,0.7383498277234353,abc def
YWRhZGFzZGFzZA==,0.9577465564013359,abc def
YWRhZGFzZGFzZA==,0.5573923508628698,abc def
YWRhZGFzZGFzZA==,0.042495147438643466,abc def low_prod
YWRhZGFzZGFzZA==,0.14534008100653617,abc def low_prod
YWRhZGFzZGFzZA==,0.7267209397941303,abc def
YWRhZGFzZGFzZA==,0.05456206213465564,abc def low_prod
YWRhZGFzZGFzZA==,0.3445276150657942,abc def
YWRhZGFzZGFzZA==,0.842382725871616,abc def
YWRhZGFzZGFzZA==,0.34390673380438064,abc def
YWRhZGFzZGFzZA==,0.5057846256284753,abc def
YWRhZGFzZGFzZA==,0.8053566613909756,abc def
YWRhZGFzZGFzZA==,0.7893931694997012,abc def
YWRhZGFzZGFzZA==,0.20757991285088195,abc def low_prod
YWRhZGFzZGFzZA==,0.5527486554848127,abc def
YWRhZGFzZGFzZA==,0.01622575681920091,abc def low_prod
YWRhZGFzZGFzZA==,0.33923889878687474,abc def
YWRhZGFzZGFzZA==,0.05098284038436762,abc def low_prod
YWRhZGFzZGFzZA==,0.572105367470589,abc def
YWRhZGFzZGFzZA==,0.7174334017883871,abc def
YWRhZGFzZGFzZA==,0.4387243788495283,abc def
YWRhZGFzZGFzZA==,0.23649890452475475,abc def low_prod
YWRhZGFzZGFzZA==,0.6433145767527947,abc def
YWRhZGFzZGFzZA==,0.4424464395464395,abc def
YWRhZGFzZGFzZA==,0.4928667030092455,abc def
YWRhZGFzZGFzZA==,0.861021732775513,abc def
YWRhZGFzZGFzZA==,0.05183870828531889,abc def low_prod
YWRhZGFzZGFzZA==,0.17782615678891378,abc def low_prod
YWRhZGFzZGFzZA==,0.38807789754719935,abc def
YWRhZGFzZGFzZA==,0.8941817774053448,abc def
YWRhZGFzZGFzZA==,0.8755884674638268,abc def
YWRhZGFzZGFzZA==,0.6304221600655191,abc def
YWRhZGFzZGFzZA==,0.5748150378484994,abc def
YWRhZGFzZGFzZA==,0.45669190533420745,abc def
YWRhZGFzZGFzZA==,0.9789623778822024,abc def
YWRhZGFzZGFzZA==,0.5939765157072527,abc def
YWRhZGFzZGFzZA==,0.3525398976908407,abc def
YWRhZGFzZGFzZA==,0.617618057694324,abc def
YWRhZGFzZGFzZA==,0.6715679765091862,abc def
YWRhZGFzZGFzZA==,0.7300835533384638,abc def
YWRhZGFzZGFzZA==,0.6047194200490211,abc def
YWRhZGFzZGFzZA==,0.35306959024411055,abc def
YWRhZGFzZGFzZA==,0.1659997122713759,abc def low_prod
YWRhZGFzZGFzZA==,0.9529449500608129,abc def
YWRhZGFzZGFzZA==,0.5308348322147534,abc def
YWRhZGFzZGFzZA==,0.4110691777301755,abc def
YWRhZGFzZGFzZA==,0.5878455118208228,abc def
YWRhZGFzZGFzZA==,0.5538252827848302,abc def
YWRhZGFzZGFzZA==,0.6928868058333961,abc def
YWRhZGFzZGFzZA==,0.9181438382310181,abc def
YWRhZGFzZGFzZA==,0.2495133222469088,abc def low_prod
YWRhZGFzZGFzZA==,0.5567825396485758,abc def
YWRhZGFzZGFzZA==,0.7329889428251546,abc def
YWRhZGFzZGFzZA==,0.7778718649890977,abc def
YWRhZGFzZGFzZA==,0.025830427558820923,abc def low_prod
YWRhZGFzZGFzZA==,0.554437627570645,abc def
YWRhZGFzZGFzZA==,0.17011966421200952,abc def low_prod
YWRhZGFzZGFzZA==,0.24194907782817587,abc def low_prod
YWRhZGFzZGFzZA==,0.3615653171201165,abc def
YWRhZGFzZGFzZA==,0.5673458706950073,abc def
YWRhZGFzZGFzZA==,0.5490692161706636,abc def
YWRhZGFzZGFzZA==,0.8771734169011779,abc def
YWRhZGFzZGFzZA==,0.9937407539280398,abc def
YWRhZGFzZGFzZA==,0.7220201945112402,abc def
YWRhZGFzZGFzZA==,0.7646563019429953,abc def
YWRhZGFzZGFzZA==,0.8630315560117564,abc def
YWRhZGFzZGFzZA==,0.9016334567583805,abc def
YWRhZGFzZGFzZA==,0.6119086526181224,abc def
YWRhZGFzZGFzZA==,0.2023841215280332,abc def low_prod
YWRhZGFzZGFzZA==,0.4220967766221989,abc def
YWRhZGFzZGFzZA==,0.46275678347651605,abc def
YWRhZGFzZGFzZA==,0.999726055771688,abc def
YWRhZGFzZGFzZA==,0.4931563648879502,abc def
YWRhZGFzZGFzZA==,0.09940214815117232,abc def low_prod
YWRhZGFzZGFzZA==,0.8892378491546004,abc def
YWRhZGFzZGFzZA==,0.4212738356955581,abc def
YWRhZGFzZGFzZA==,0.5962151293112863,abc def
YWRhZGFzZGFzZA==,0.07598051905942849,abc def low_prod
YWRhZGFzZGFzZA==,0.8744630254791159,abc def
YWRhZGFzZGFzZA==,0.6758499686204483,abc def
YWRhZGFzZGFzZA==,0.6082227709488848,abc def
YWRhZGFzZGFzZA==,0.5581984555126952,abc def
YWRhZGFzZGFzZA==,0.11216132884088448,abc def low_prod
YWRhZGFzZGFzZA==,0.2553911851637115,abc def
YWRhZGFzZGFzZA==,0.9099821101843211,abc def
YWRhZGFzZGFzZA==,0.17749036361001358,abc def low_prod
YWRhZGFzZGFzZA==,0.44970514433033104,abc def
YWRhZGFzZGFzZA==,0.8146662669534618,abc def
YWRhZGFzZGFzZA==,0.19273901830495221,abc def low_prod
YWRhZGFzZGFzZA==,0.8252973660481586,abc def
YWRhZGFzZGFzZA==,0.03765909065096773,abc def low_prod
YWRhZGFzZGFzZA==,0.7502178530335327,abc def
YWRhZGFzZGFzZA==,0.39581982608749533,abc def
YWRhZGFzZGFzZA==,0.3899581427922383,abc def
YWRhZGFzZGFzZA==,0.02058377528218025,abc def low_prod
YWRhZGFzZGFzZA==,0.545659483985232,abc def
YWRhZGFzZGFzZA==,0.06357934640380292,abc def low_prod
YWRhZGFzZGFzZA==,0.12494914341688612,abc def low_prod
YWRhZGFzZGFzZA==,0.4820747219280179,abc def
YWRhZGFzZGFzZA==,0.45103723861513656,abc def
YWRhZGFzZGFzZA==,0.5406118756469902,abc def
YWRhZGFzZGFzZA==,0.32245820062263675,abc def
YWRhZGFzZGFzZA==,0.9506789118469364,abc def
YWRhZGFzZGFzZA==,0.5218555962066382,abc def
YWRhZGFzZGFzZA==,0.7336369737056956,abc def
YWRhZGFzZGFzZA==,0.15998441803533514,abc def low_prod
YWRhZGFzZGFzZA==,0.1456207230421368,abc def low_prod
YWRhZGFzZGFzZA==,0.6613660259816729,abc def
YWRhZGFzZGFzZA==,0.42360004616832714,abc def
YWRhZGFzZGFzZA==,0.9881939177283239,abc def
YWRhZGFzZGFzZA==,0.21294252875545494,abc def low_prod
YWRhZGFzZGFzZA==,0.9221134982158302,abc def
YWRhZGFzZGFzZA==,0.5324713334607922,abc def
YWRhZGFzZGFzZA==,0.8100290954085818,abc def
YWRhZGFzZGFzZA==,0.6021282660939989,abc def
YWRhZGFzZGFzZA==,0.9207927091403323,abc def
YWRhZGFzZGFzZA==,0.196083428858297,abc def low_prod
YWRhZGFzZGFzZA==,0.987925435195366,abc def
YWRhZGFzZGFzZA==,0.7243133345567354,abc def
YWRhZGFzZGFzZA==,0.05126117637559846,abc def low_prod
YWRhZGFzZGFzZA==,0.9205024881835515,abc def
YWRhZGFzZGFzZA==,0.47069970207139733,abc def
YWRhZGFzZGFzZA==,0.38764682543996076,abc def
YWRhZGFzZGFzZA==,0.7373312688429072,abc def
YWRhZGFzZGFzZA==,0.18314532552735585,abc def low_prod
YWRhZGFzZGFzZA==,0.5785274592772088,abc def
YWRhZGFzZGFzZA==,0.320407423564649,abc def
YWRhZGFzZGFzZA==,0.8027961608170964,abc def
YWRhZGFzZGFzZA==,0.14713372711654438,abc def low_prod
YWRhZGFzZGFzZA==,0.9055208832201103,abc def
YWRhZGFzZGFzZA==,0.32378936061303487,abc def
YWRhZGFzZGFzZA==,0.050348844919610114,abc def low_prod
YWRhZGFzZGFzZA==,0.6996831579173234,abc def
YWRhZGFzZGFzZA==,0.7876122830267739,abc def
YWRhZGFzZGFzZA==,0.5480810716553405,abc def
YWRhZGFzZGFzZA==,0.7961656387531985,abc def
YWRhZGFzZGFzZA==,0.7738855027313156,abc def
YWRhZGFzZGFzZA==,0.2138479937937433,abc def low_prod
YWRhZGFzZGFzZA==,0.6267178276395781,abc def
YWRhZGFzZGFzZA==,0.9862211432487388,abc def
YWRhZGFzZGFzZA==,0.28315436863585763,abc def
YWRhZGFzZGFzZA==,0.0713991519750079,abc def low_prod
YWRhZGFzZGFzZA==,0.8073974098392407,abc def
YWRhZGFzZGFzZA==,0.6115426701166623,abc def
YWRhZGFzZGFzZA==,0.9322776093334186,abc def
YWRhZGFzZGFzZA==,0.6944053065960704,abc def
YWRhZGFzZGFzZA==,0.6781578062328627,abc def
YWRhZGFzZGFzZA==,0.17122583913249367,abc def low_prod
YWRhZGFzZGFzZA==,0.23398596100878954,abc def low_prod
YWRhZGFzZGFzZA==,0.3799721540052059,abc def
YWRhZGFzZGFzZA==,0.4965921699476342,abc def
YWRhZGFzZGFzZA==,0.2052720103034279,abc def low_prod
YWRhZGFzZGFzZA==,0.01346640818893341,abc def low_prod
YWRhZGFzZGFzZA==,0.8358008869711,abc def
YWRhZGFzZGFzZA==,0.418900701811838,abc def
YWRhZGFzZGFzZA==,0.7889620822249254,abc def
YWRhZGFzZGFzZA==,0.9077334835742441,abc def
YWRhZGFzZGFzZA==,0.059728166493589474,abc def low_prod
YWRhZGFzZGFzZA==,0.5440177583742183,abc def
YWRhZGFzZGFzZA==,0.6604641106161278,abc def
YWRhZGFzZGFzZA==,0.304206038538534,abc def
YWRhZGFzZGFzZA==,0.6473627318510228,abc def
YWRhZGFzZGFzZA==,0.49974891045999403,abc def
YWRhZGFzZGFzZA==,0.5470101860330415,abc def
YWRhZGFzZGFzZA==,0.48788715990896026,abc def
YWRhZGFzZGFzZA==,0.5095985410944939,abc def
YWRhZGFzZGFzZA==,0.5052176252456091,abc def
YWRhZGFzZGFzZA==,0.7154351042178206,abc def
YWRhZGFzZGFzZA==,0.7058680328010277,abc def
YWRhZGFzZGFzZA==,0.633663352476318,abc def
YWRhZGFzZGFzZA==,0.9607216867263498,abc def
YWRhZGFzZGFzZA==,0.37112850661961017,abc def
YWRhZGFzZGFzZA==,0.10078004734272428,abc def low_prod
YWRhZGFzZGFzZA==,0.06942268273707519,abc def low_prod
YWRhZGFzZGFzZA==,0.3456351767868583,abc def
YWRhZGFzZGFzZA==,0.7852136493243942,abc def
YWRhZGFzZGFzZA==,0.46995955740595974,abc def
YWRhZGFzZGFzZA==,0.5331254863526428,abc def
YWRhZGFzZGFzZA==,0.009402223975153001,abc def low_prod
YWRhZGFzZGFzZA==,0.350104511107328,abc def
YWRhZGFzZGFzZA==,0.3325878015321786,abc def
YWRhZGFzZGFzZA==,0.47312904484113716,abc def
YWRhZGFzZGFzZA==,0.9771016649537078,abc def
YWRhZGFzZGFzZA==,0.2856347852501142,abc def
YWRhZGFzZGFzZA==,0.9283427849569037,abc def
YWRhZGFzZGFzZA==,0.16643341945536771,abc def low_prod
YWRhZGFzZGFzZA==,0.7109821622314163,abc def
YWRhZGFzZGFzZA==,0.6755982736368029,abc def
YWRhZGFzZGFzZA==,0.9167324860180487,abc def
YWRhZGFzZGFzZA==,0.6454898070101054,abc def
YWRhZGFzZGFzZA==,0.35370440768944134,abc def
YWRhZGFzZGFzZA==,0.6573853733631159,abc def
YWRhZGFzZGFzZA==,0.8569554458369342,abc def
YWRhZGFzZGFzZA==,0.45350533479157107,abc def
YWRhZGFzZGFzZA==,0.25330380824044796,abc def
YWRhZGFzZGFzZA==,0.6075144256439637,abc def
YWRhZGFzZGFzZA==,0.5628980846180752,abc def
YWRhZGFzZGFzZA==,0.8558933458283604,abc def
YWRhZGFzZGFzZA==,0.634939358952396,abc def
YWRhZGFzZGFzZA==,0.10133829501024927,abc def low_prod
YWRhZGFzZGFzZA==,0.6819379316042862,abc def
YWRhZGFzZGFzZA==,0.39894019033358474,abc def
YWRhZGFzZGFzZA==,0.5086376202852335,abc def
YWRhZGFzZGFzZA==,0.3296742172689212,abc def
YWRhZGFzZGFzZA==,0.50840170443772,abc def
YWRhZGFzZGFzZA==,0.8847292240408883,abc def
YWRhZGFzZGFzZA==,0.443472574783915,abc def
YWRhZGFzZGFzZA==,0.38420266936619607,abc def
YWRhZGFzZGFzZA==,0.14726773150696104,abc def low_prod
YWRhZGFzZGFzZA==,0.7642194835997638,abc def
YWRhZGFzZGFzZA==,0.15053804931206627,abc def low_prod
YWRhZGFzZGFzZA==,0.7958066629440027,abc def
YWRhZGFzZGFzZA==,0.58200088273178,abc def
YWRhZGFzZGFzZA==,0.8471051801678284,abc def
YWRhZGFzZGFzZA==,0.2796641551915521,abc def
YWRhZGFzZGFzZA==,0.8415285768135193,abc def
YWRhZGFzZGFzZA==,0.35701446866655573,abc def
YWRhZGFzZGFzZA==,0.11438218335165218,abc def low_prod
YWRhZGFzZGFzZA==,0.504950836136056,abc def
YWRhZGFzZGFzZA==,0.6340696458368054,abc def
YWRhZGFzZGFzZA==,0.677814970093221,abc def
YWRhZGFzZGFzZA==,0.15704228627422978,abc def low_prod
YWRhZGFzZGFzZA==,0.31959141060767093,abc def
YWRhZGFzZGFzZA==,0.6097853446962412,abc def
YWRhZGFzZGFzZA==,0.31534079287756855,abc def
YWRhZGFzZGFzZA==,0.25062385006879606,abc def
YWRhZGFzZGFzZA==,0.9429105181870361,abc def
YWRhZGFzZGFzZA==,0.23173121599445123,abc def low_prod
YWRhZGFzZGFzZA==,0.29491964053628306,abc def
YWRhZGFzZGFzZA==,0.7430343370989594,abc def
YWRhZGFzZGFzZA==,0.15420107849316556,abc def low_prod
YWRhZGFzZGFzZA==,0.2251191828022414,abc def low_prod
YWRhZGFzZGFzZA==,0.9175683394871437,abc def
YWRhZGFzZGFzZA==,0.9175620204421462,abc def
YWRhZGFzZGFzZA==,0.15693882690840866,abc def low_prod
YWRhZGFzZGFzZA==,0.2637619104280263,abc def
YWRhZGFzZGFzZA==,0.26880488626708887,abc def
YWRhZGFzZGFzZA==,0.5158080145896697,abc def
YWRhZGFzZGFzZA==,0.6260687404406495,abc def
YWRhZGFzZGFzZA==,0.5809196648058919,abc def
YWRhZGFzZGFzZA==,0.5024773295437791,abc def
YWRhZGFzZGFzZA==,0.42622793015352733,abc def
YWRhZGFzZGFzZA==,0.6556421865173251,abc def
YWRhZGFzZGFzZA==,0.7038702614399591,abc def
YWRhZGFzZGFzZA==,0.7908941752364579,abc def
YWRhZGFzZGFzZA==,0.8869060239820524,abc def
YWRhZGFzZGFzZA==,0.5735983689560576,abc def
YWRhZGFzZGFzZA==,0.11157241486277547,abc def low_prod
YWRhZGFzZGFzZA==,0.2923481715478662,abc def
YWRhZGFzZGFzZA==,0.031341934975062546,abc def low_prod
YWRhZGFzZGFzZA==,0.643927559759324,abc def
YWRhZGFzZGFzZA==,0.31825447552450414,abc def
YWRhZGFzZGFzZA==,0.7008544038978272,abc def
YWRhZGFzZGFzZA==,0.6917106751477856,abc def
YWRhZGFzZGFzZA==,0.6266462772068637,abc def
YWRhZGFzZGFzZA==,0.9279162125216183,abc def
YWRhZGFzZGFzZA==,0.8955408971946736,abc def
YWRhZGFzZGFzZA==,0.9310084022669607,abc def
YWRhZGFzZGFzZA==,0.6361420061721527,abc def
YWRhZGFzZGFzZA==,0.24806415643369273,abc def low_prod
YWRhZGFzZGFzZA==,0.19101246040952813,abc def low_prod
YWRhZGFzZGFzZA==,0.5545407728066876,abc def
YWRhZGFzZGFzZA==,0.9982520902248053,abc def
YWRhZGFzZGFzZA==,0.16282806488711987,abc def low_prod
YWRhZGFzZGFzZA==,0.49745104062629353,abc def
YWRhZGFzZGFzZA==,0.3769802607263175,abc def
YWRhZGFzZGFzZA==,0.6534604418922354,abc def
YWRhZGFzZGFzZA==,0.4574611485912179,abc def
YWRhZGFzZGFzZA==,0.6746684892176653,abc def
YWRhZGFzZGFzZA==,0.4247372582663619,abc def
YWRhZGFzZGFzZA==,0.3595203382527066,abc def
YWRhZGFzZGFzZA==,0.3051078756149874,abc def
YWRhZGFzZGFzZA==,0.5615525378369844,abc def
YWRhZGFzZGFzZA==,0.2762303102798963,abc def
YWRhZGFzZGFzZA==,0.6826190952092973,abc def
YWRhZGFzZGFzZA==,0.6081092709183877,abc def
YWRhZGFzZGFzZA==,0.936112235019874,abc def
YWRhZGFzZGFzZA==,0.9783035335597916,abc def
YWRhZGFzZGFzZA==,0.05951756920177531,abc def low_prod
YWRhZGFzZGFzZA==,0.23707482314483952,abc def low_prod
YWRhZGFzZGFzZA==,0.8140209468865571,abc def
YWRhZGFzZGFzZA==,0.3479695420221254,abc def
YWRhZGFzZGFzZA==,0.509750188134802,abc def
YWRhZGFzZGFzZA==,0.8179076935058189,abc def
YWRhZGFzZGFzZA==,0.37004395911624954,abc def
YWRhZGFzZGFzZA==,0.5102961108768898,abc def
YWRhZGFzZGFzZA==,0.254004171351061,abc def
YWRhZGFzZGFzZA==,0.997873290619138,abc def
YWRhZGFzZGFzZA==,0.8471256589487769,abc def
YWRhZGFzZGFzZA==,0.4290738383052598,abc def
YWRhZGFzZGFzZA==,0.2895671893214241,abc def
YWRhZGFzZGFzZA==,0.517116393954269,abc def
YWRhZGFzZGFzZA==,0.8717822173269574,abc def
YWRhZGFzZGFzZA==,0.3851993670635975,abc def
YWRhZGFzZGFzZA==,0.10907657112352875,abc def low_prod
YWRhZGFzZGFzZA==,0.4389657584145418,abc def
YWRhZGFzZGFzZA==,0.9050186640053541,abc def
YWRhZGFzZGFzZA==,0.23458399394312934,abc def low_prod
YWRhZGFzZGFzZA==,0.2524662744503702,abc def
YWRhZGFzZGFzZA==,0.14258687003965187,abc def low_prod
YWRhZGFzZGFzZA==,0.936777507074466,abc def
YWRhZGFzZGFzZA==,0.47276704480780185,abc def
YWRhZGFzZGFzZA==,0.3652945255757598,abc def
YWRhZGFzZGFzZA==,0.9518319760439192,abc def
YWRhZGFzZGFzZA==,0.6235417392280529,abc def
YWRhZGFzZGFzZA==,0.9448785827548907,abc def
YWRhZGFzZGFzZA==,0.6041834797425517,abc def
YWRhZGFzZGFzZA==,0.3958186343375052,abc def
YWRhZGFzZGFzZA==,0.5100571497353328,abc def
YWRhZGFzZGFzZA==,0.1276264345671333,abc def low_prod
YWRhZGFzZGFzZA==,0.8044757197599416,abc def
YWRhZGFzZGFzZA==,0.0922523184991737,abc def low_prod
YWRhZGFzZGFzZA==,0.9275801219816237,abc def
YWRhZGFzZGFzZA==,0.5770330465916121,abc def
YWRhZGFzZGFzZA==,0.9104364623591115,abc def
YWRhZGFzZGFzZA==,0.06477639654925316,abc def low_prod
YWRhZGFzZGFzZA==,0.9327551354226221,abc def
YWRhZGFzZGFzZA==,0.7217267036574594,abc def
YWRhZGFzZGFzZA==,0.16522998414766898,abc def low_prod
YWRhZGFzZGFzZA==,0.8866337588057388,abc def
YWRhZGFzZGFzZA==,0.32713892555711266,abc def
YWRhZGFzZGFzZA==,0.5746510919455271,abc def
YWRhZGFzZGFzZA==,0.2854685999803348,abc def
YWRhZGFzZGFzZA==,0.3108721403909952,abc def
YWRhZGFzZGFzZA==,0.4072026533919808,abc def
YWRhZGFzZGFzZA==,0.6564274627803167,abc def
YWRhZGFzZGFzZA==,0.2070416011637577,abc def low_prod
YWRhZGFzZGFzZA==,0.2859450851479609,abc def
YWRhZGFzZGFzZA==,0.8360040973692883,abc def
YWRhZGFzZGFzZA==,0.12503062120022324,abc def low_prod
YWRhZGFzZGFzZA==,0.34737845959977864,abc def
YWRhZGFzZGFzZA==,0.48248862726418595,abc def
YWRhZGFzZGFzZA==,0.903561925182413,abc def
YWRhZGFzZGFzZA==,0.4359868898311243,abc def
YWRhZGFzZGFzZA==,0.29882233077778886,abc def
YWRhZGFzZGFzZA==,0.4148024639382769,abc def
YWRhZGFzZGFzZA==,0.2668562652033847,abc def
YWRhZGFzZGFzZA==,0.1583593441907185,abc def low_prod
YWRhZGFzZGFzZA==,0.38593132400480856,abc def
YWRhZGFzZGFzZA==,0.43767892279869014,abc def
YWRhZGFzZGFzZA==,0.5185307406958821,abc def
YWRhZGFzZGFzZA==,0.3952202064601412,abc def
YWRhZGFzZGFzZA==,0.12366727953987766,abc def low_prod
YWRhZGFzZGFzZA==,0.20569635910385475,abc def low_prod
YWRhZGFzZGFzZA==,0.6422562638773704,abc def
YWRhZGFzZGFzZA==,0.595998656238741,abc def
YWRhZGFzZGFzZA==,0.9347200502321822,abc def
YWRhZGFzZGFzZA==,0.8847303634518309,abc def
YWRhZGFzZGFzZA==,0.2988283630985733,abc def
YWRhZGFzZGFzZA==,0.6719486886633107,abc def
YWRhZGFzZGFzZA==,0.5877248241855746,abc def
YWRhZGFzZGFzZA==,0.18855308590397257,abc def low_prod
YWRhZGFzZGFzZA==,0.26208072004153515,abc def
YWRhZGFzZGFzZA==,0.9473570963529833,abc def
YWRhZGFzZGFzZA==,0.3879778270726387,abc def
YWRhZGFzZGFzZA==,0.7958904708166291,abc def
YWRhZGFzZGFzZA==,0.6689714690662563,abc def
YWRhZGFzZGFzZA==,0.13827140032428453,abc def low_prod
YWRhZGFzZGFzZA==,0.16259823919090322,abc def low_prod
YWRhZGFzZGFzZA==,0.07858334547361889,abc def low_prod
YWRhZGFzZGFzZA==,0.037256685709302295,abc def low_prod
YWRhZGFzZGFzZA==,0.9850968392271371,abc def
YWRhZGFzZGFzZA==,0.5364393780117882,abc def
YWRhZGFzZGFzZA==,0.5355668634295706,abc def
YWRhZGFzZGFzZA==,0.9632562135218355,abc def
YWRhZGFzZGFzZA==,0.05992647638959936,abc def low_prod
YWRhZGFzZGFzZA==,0.425305638444465,abc def
YWRhZGFzZGFzZA==,0.9638922811828263,abc def
YWRhZGFzZGFzZA==,0.7040741584601025,abc def
YWRhZGFzZGFzZA==,0.22414306724341204,abc def low_prod
YWRhZGFzZGFzZA==,0.8337000003266803,abc def
YWRhZGFzZGFzZA==,0.558196071327584,abc def
YWRhZGFzZGFzZA==,0.07296048949483125,abc def low_prod
YWRhZGFzZGFzZA==,0.6094276933324777,abc def
YWRhZGFzZGFzZA==,0.927943129053409,abc def
YWRhZGFzZGFzZA==,0.19021962657547054,abc def low_prod
YWRhZGFzZGFzZA==,0.07948042577626035,abc def low_prod
YWRhZGFzZGFzZA==,0.30120630993933906,abc def
YWRhZGFzZGFzZA==,0.6146418000687177,abc def
YWRhZGFzZGFzZA==,0.07242093289395535,abc def low_prod
YWRhZGFzZGFzZA==,0.5096021575766273,abc def
YWRhZGFzZGFzZA==,0.4342391496636816,abc def
YWRhZGFzZGFzZA==,0.36906760403754213,abc def
YWRhZGFzZGFzZA==,0.3222733859444892,abc def
YWRhZGFzZGFzZA==,0.34566130981668,abc def
YWRhZGFzZGFzZA==,0.18360311369645532,abc def low_prod
YWRhZGFzZGFzZA==,0.8685209101473117,abc def
YWRhZGFzZGFzZA==,0.09270674598976725,abc def low_prod
YWRhZGFzZGFzZA==,0.771823608915603,abc def
YWRhZGFzZGFzZA==,0.4376453055688725,abc def
YWRhZGFzZGFzZA==,0.007184759987228118,abc def low_prod
YWRhZGFzZGFzZA==,0.18797792430703786,abc def low_prod
YWRhZGFzZGFzZA==,0.29569627778762253,abc def
YWRhZGFzZGFzZA==,0.48782684022122047,abc def
YWRhZGFzZGFzZA==,0.8437349603676267,abc def
YWRhZGFzZGFzZA==,0.5162021770786992,abc def
YWRhZGFzZGFzZA==,0.8407273274009194,abc def
YWRhZGFzZGFzZA==,0.06465371949037912,abc def low_prod
YWRhZGFzZGFzZA==,0.4788998962900828,abc def
YWRhZGFzZGFzZA==,0.5932182459481594,abc def
YWRhZGFzZGFzZA==,0.14648638383493673,abc def low_prod
YWRhZGFzZGFzZA==,0.8684813829144225,abc def
YWRhZGFzZGFzZA==,0.8275644830618105,abc def
YWRhZGFzZGFzZA==,0.5138550210239734,abc def
YWRhZGFzZGFzZA==,0.872989604737969,abc def
YWRhZGFzZGFzZA==,0.7126920004214885,abc def
YWRhZGFzZGFzZA==,0.796602291927661,abc def
YWRhZGFzZGFzZA==,0.20230046101370924,abc def low_prod
YWRhZGFzZGFzZA==,0.5338195671932798,abc def
YWRhZGFzZGFzZA==,0.2670196289839907,abc def
YWRhZGFzZGFzZA==,0.5164160067522897,abc def
YWRhZGFzZGFzZA==,0.8986647795054121,abc def
YWRhZGFzZGFzZA==,0.6626052932608575,abc def
YWRhZGFzZGFzZA==,0.449242913716844,abc def
YWRhZGFzZGFzZA==,0.19665565192770496,abc def low_prod
YWRhZGFzZGFzZA==,0.48599369418064653,abc def
YWRhZGFzZGFzZA==,0.41199570242102646,abc def
YWRhZGFzZGFzZA==,0.9455096286215731,abc def
YWRhZGFzZGFzZA==,0.48601477929790227,abc def
YWRhZGFzZGFzZA==,0.9234659371011745,abc def
YWRhZGFzZGFzZA==,0.8759176904960417,abc def
YWRhZGFzZGFzZA==,0.461839715589471,abc def
YWRhZGFzZGFzZA==,0.503571188932017,abc def
YWRhZGFzZGFzZA==,0.042239330511957385,abc def low_prod
YWRhZGFzZGFzZA==,0.10865352152327779,abc def low_prod
YWRhZGFzZGFzZA==,0.43257119707937486,abc def
YWRhZGFzZGFzZA==,0.9748112163897379,abc def
YWRhZGFzZGFzZA==,0.8117051378308268,abc def
YWRhZGFzZGFzZA==,0.9766767038704423,abc def
YWRhZGFzZGFzZA==,0.2956341744436446,abc def
YWRhZGFzZGFzZA==,0.9349550588944193,abc def
YWRhZGFzZGFzZA==,0.31726279803842106,abc def
YWRhZGFzZGFzZA==,0.20775864876742756,abc def low_prod
YWRhZGFzZGFzZA==,0.05651346216634845,abc def low_prod
YWRhZGFzZGFzZA==,0.6993951966698673,abc def
YWRhZGFzZGFzZA==,0.15758553581322055,abc def low_prod
YWRhZGFzZGFzZA==,0.5982014950877778,abc def
YWRhZGFzZGFzZA==,0.7544565345576252,abc def
YWRhZGFzZGFzZA==,0.16310666500735616,abc def low_prod
YWRhZGFzZGFzZA==,0.9721226041280866,abc def
YWRhZGFzZGFzZA==,0.6869680064041105,abc def
YWRhZGFzZGFzZA==,0.03909280206886012,abc def low_prod
YWRhZGFzZGFzZA==,0.98783116571916,abc def
YWRhZGFzZGFzZA==,0.20937932181839725,abc def low_prod
YWRhZGFzZGFzZA==,0.35472134924597143,abc def
YWRhZGFzZGFzZA==,0.684659590603346,abc def
YWRhZGFzZGFzZA==,0.29545245759073635,abc def
YWRhZGFzZGFzZA==,0.25384942646852093,abc def
YWRhZGFzZGFzZA==,0.6344225757509324,abc def
YWRhZGFzZGFzZA==,0.8992935585789699,abc def
YWRhZGFzZGFzZA==,0.1777052139462395,abc def low_prod
YWRhZGFzZGFzZA==,0.8092511205395719,abc def
YWRhZGFzZGFzZA==,0.6991703906518155,abc def
YWRhZGFzZGFzZA==,0.02697720947810489,abc def low_prod
YWRhZGFzZGFzZA==,0.7460538017791443,abc def
YWRhZGFzZGFzZA==,0.3176365423088312,abc def
YWRhZGFzZGFzZA==,0.2225248417448945,abc def low_prod
YWRhZGFzZGFzZA==,0.3510235018083224,abc def
YWRhZGFzZGFzZA==,0.7910243776618661,abc def
YWRhZGFzZGFzZA==,0.2059786215602165,abc def low_prod
YWRhZGFzZGFzZA==,0.926715102100318,abc def
YWRhZGFzZGFzZA==,0.45877872792530405,abc def
YWRhZGFzZGFzZA==,0.36439972199342663,abc def
YWRhZGFzZGFzZA==,0.7105217671031966,abc def
YWRhZGFzZGFzZA==,0.6674428626136112,abc def
YWRhZGFzZGFzZA==,0.5345000706313793,abc def
YWRhZGFzZGFzZA==,0.6386515029997849,abc def
YWRhZGFzZGFzZA==,0.3474381961953156,abc def
YWRhZGFzZGFzZA==,0.7124824208552687,abc def
YWRhZGFzZGFzZA==,0.3887996185920255,abc def
YWRhZGFzZGFzZA==,0.2914783906274505,abc def
YWRhZGFzZGFzZA==,0.41379785990597107,abc def
YWRhZGFzZGFzZA==,0.4886627649969192,abc def
YWRhZGFzZGFzZA==,0.18904178634394841,abc def low_prod
YWRhZGFzZGFzZA==,0.6978591103476762,abc def
YWRhZGFzZGFzZA==,0.039640808463180965,abc def low_prod
YWRhZGFzZGFzZA==,0.22485123651669148,abc def low_prod
YWRhZGFzZGFzZA==,0.6583157192684033,abc def
YWRhZGFzZGFzZA==,0.38365437541530434,abc def
YWRhZGFzZGFzZA==,0.45989142913021863,abc def
YWRhZGFzZGFzZA==,0.4487046509087338,abc def
YWRhZGFzZGFzZA==,0.4642036761916979,abc def
YWRhZGFzZGFzZA==,0.5552584033094167,abc def
YWRhZGFzZGFzZA==,0.8971673577111433,abc def
YWRhZGFzZGFzZA==,0.057514376964576064,abc def low_prod
YWRhZGFzZGFzZA==,0.9268900411033619,abc def
YWRhZGFzZGFzZA==,0.3089122553195661,abc def
YWRhZGFzZGFzZA==,0.9753310881566583,abc def
YWRhZGFzZGFzZA==,0.6198436326953985,abc def
YWRhZGFzZGFzZA==,0.09576241880136194,abc def low_prod
YWRhZGFzZGFzZA==,0.5952742522078406,abc def
YWRhZGFzZGFzZA==,0.9825568596725072,abc def
YWRhZGFzZGFzZA==,0.12901469302522395,abc def low_prod
YWRhZGFzZGFzZA==,0.3092349022090839,abc def
YWRhZGFzZGFzZA==,0.35003861303082506,abc def
YWRhZGFzZGFzZA==,0.9419502760304034,abc def
YWRhZGFzZGFzZA==,0.3842829066896323,abc def
YWRhZGFzZGFzZA==,0.22580762998815707,abc def low_prod
YWRhZGFzZGFzZA==,0.35670893651612967,abc def
YWRhZGFzZGFzZA==,0.4101361776902307,abc def
YWRhZGFzZGFzZA==,0.708714119811275,abc def
YWRhZGFzZGFzZA==,0.34875812528397276,abc def
YWRhZGFzZGFzZA==,0.2269311205288438,abc def low_prod
